x1,x2,x3,x4,x5,x6,x7,x8,x9,x10
-0.6457650763642455,9.256778106396323,-8.109234077770855,2.0682161266809707,6.953643679291333,5.651685409326902,5.372903678056563,-2.7919170651497103,14.171318515320927,4.738355285962493
9.349419273335613,4.4599145274656316,-10.991486328146095,4.817032730301898,6.495950028754431,3.0705399941997493,1.8162776060946046,-2.046408807735244,6.754571606825963,3.48319844995707
1.201261516546459,-4.348335924757853,-1.326827296696444,2.330882894580064,-3.5992110978352287,-5.056687435486721,1.619011035320134,-2.2119134221441303,2.431737937701391,2.021709278591736
-2.3902814916083694,-1.7191489203870072,-0.07266439253521817,3.4955180083665924,-2.7303311166525543,-1.374344629822385,5.391429600108439,2.584852958427304,3.1818009914282586,-0.28763749443799735
5.682028485935578,-7.702549727641763,-2.987732360647383,6.2602049259529435,3.72597924152418,1.9452517318114784,3.699538481520805,1.74606838576074,1.846520222253775,1.9483897126824763
0.07627446327206044,-8.84705736307565,-6.565215910461082,-0.8492259943095162,-3.033427991119324,-1.169092776662282,3.400915463644549,-2.686602563938033,-2.081499990610454,-1.468020717813313
-0.7099267993007379,11.33885618680641,-11.425959912092795,2.619733456710328,6.769261444816453,5.055723510151121,-0.6552434271425032,-5.401556798895901,5.867021072411809,3.0894601012026786
2.352751161495398,9.817321514626697,-9.215676772489417,-1.4909371935029219,7.624472455380199,-0.35022336068977866,4.034866291492296,-3.603646879485259,10.711435491593885,-0.004916192460780344
1.6721482379513726,-11.45253895878045,-0.7817071530837985,3.997352224515305,-2.021114894583892,-0.4229458429330595,-2.2348362698026323,-5.935353471081174,8.263615578377571,-2.5992582039910443
5.50698843217718,-12.760747286951627,1.7560479260882234,1.397662388375192,3.225028525762197,-4.0181650043250725,-5.409950577333023,8.354612471945202,-8.281543767597833,-10.672064680281196
6.253694466258086,4.901561344523896,-11.505948659295056,-2.076378017532504,7.305298965450101,8.06836092825553,3.6298138038831063,-0.4050486044367214,5.8851982827690446,3.5565686407793216
-4.43622632251412,-8.203124582865463,-2.4307249814326397,4.00502350904393,0.12449862171753434,-4.146431197651905,0.7633805503150008,-1.8165352156127708,-0.9810136452522924,2.910499504767899
-0.6170347116313086,-5.105849384971697,-8.917252029188138,4.178007931789301,-1.9991868190889819,-0.8627237476016638,2.4500246721792447,-5.173931273375273,5.37704046994137,-2.225025634919433
2.5499419927027285,9.663819195992058,-9.890139193759628,-1.1219489318695166,1.579248787283822,0.5249467250460513,5.835909390120883,-2.8527785592259503,7.923639037924765,-1.3617008167524896
1.012429736908965,-6.549677135137265,3.812389963473509,3.6431449692894278,-0.3309541263874028,-5.801705200599264,-4.290492536028352,6.008539851108797,-3.7716790615574998,-4.291089984775574
3.874277035406885,-7.76372735124993,1.0268641603195947,3.778491236790782,-3.252671507182562,-7.939566070028389,-6.5239990353326585,0.8437746377398287,-6.995225898876337,-8.188395739285033
2.5320816998074207,9.458700201342634,-13.226453361833416,0.5536664685370922,5.0007122160497435,2.579353932884757,4.341833837671316,-6.4541130758400325,12.305001735579994,2.3897243319790276
8.033642147234008,-7.622821676301186,0.8192416113264842,6.960430771326227,-0.9608991183604705,-7.922382313412049,-9.057915805943217,0.19067626243589686,-5.444042753582364,-6.294068162356949
0.7632733076352778,-6.811478779198966,-3.7722398666026207,2.9477841507752545,-2.861071614044861,-0.25507212250082256,6.1874080356118135,-3.0918652538486264,1.8189037000642856,-3.246529997256399
0.2227774630085414,-5.631640488519745,-4.370601330651148,0.49865452245646047,-1.8829400128013152,-0.9413871146730707,-2.039693947410125,1.8847546286051635,1.7578481804306954,1.2827077627980006
4.60343986324174,-6.816998911491857,0.8288418044102333,0.33607241462269233,-3.3394169294526117,2.1051494835145337,0.7932827430519365,3.1129651594988124,-0.40701886790036435,3.166753073577408
-7.631884175050287,-7.40214496504892,-3.662587743352759,2.519897004356397,-5.625277019799494,-1.7214748009863095,2.4198246145804965,1.4521287343748503,6.960910618625244,-0.9027928451628728
6.019026917238247,-8.993850340243975,3.57110341731277,3.6847521844314692,2.432707171618902,-7.4522122081013,-7.028453090820582,7.9185763715569575,-5.384547136040811,-7.652561218668461
2.480568035076093,-7.731992499041546,1.2408413696061165,2.5735642931470255,2.939935232047473,-9.919479590688514,-7.964771848083957,8.021219032991562,0.061429453531115286,-8.072089966349647
0.39042591196945775,9.393812899980905,-10.488652785757388,-1.2206061853234111,9.764168646763721,1.3857932380914173,5.087851395415443,-7.585901650732164,9.902356382513986,3.279801292866119
3.5498896288191313,11.123690805213105,-9.85001828205844,0.7838372604636173,9.213762478164934,2.4306935174908357,9.411495592701234,-1.5286627597397584,8.087482581924343,1.3848164349061927
4.391114122034362,-9.906995368020166,1.8752655011155341,1.3225435449920688,-2.1008865026859884,-7.067320960775593,-5.371777667348099,6.525650976337039,-7.388014248160739,-7.273109252773009
3.77783307919262,-8.140129790797735,-5.047897810446637,4.730637285776211,-5.370129885641954,-0.045325970086029344,-0.28312464262956993,-0.2842543289545356,5.172069695408554,3.1123527521193743
6.553142070989419,-10.358550076081917,-3.41255698869948,5.063278795233048,3.6051861021311833,-6.854708142932684,-4.188362607715544,3.439889397521246,-8.262103444002365,-2.9554573745987964
6.175670199913184,9.380666704146089,-14.26161463302818,-5.17147782379532,6.304167272288723,1.607445870227675,5.658086384000419,-6.904862476542789,15.404287447402071,1.4524942353045818
4.39240818678366,-9.854493847851646,0.9622975148917225,-1.2938693218911048,-3.5204153122064463,-0.43502105950300995,4.660857678639932,-4.217711347964927,-1.3225854322297828,3.278802411462687
0.6762875984838215,-6.578223183596065,1.9226847879093665,-0.16253608379055695,1.4256165729674075,-3.198517043443257,-0.5310617868295076,0.9851318598174108,2.917816304093873,1.5601296130394189
1.619298483126061,-11.53097001278536,4.122047337956492,2.3252388320982362,-1.4019811544692027,-3.1493306379063624,-8.149598893741462,3.7566000767317016,-6.627713568067234,-11.934228570968756
2.6491925749317744,5.215812827726138,-8.948069836530436,-2.62835589687285,2.9385815636617734,4.7174083759714645,4.523578970402812,-6.216486275672664,6.493754151254434,7.726309952175469
5.747668417922954,13.632381440007451,-14.362571666385616,-4.367818846816422,7.12891651125185,4.535141506859463,4.696964869257495,-3.996419091289988,10.60831940179927,4.023545468044219
2.908543694476768,9.964815705813031,-9.16086017337059,4.748245073172742,6.807383359737241,8.813286257519426,0.7302130366397055,-6.067277059516333,6.73451077772514,0.7716152199816548
0.3348229110083203,5.119273214779499,-12.194075755906844,-1.4714376004057117,6.703141228919814,2.138155300488769,4.77759230665961,-5.624405925879724,8.419188566493672,3.193126797985922
7.420341168065457,12.017143139446961,-13.444548799643526,2.8322233673368773,5.259212759939901,0.4856247226784509,2.4950963640238015,-5.4814681932976175,7.087489440366557,-1.12881750434721
4.438423944926431,9.002258742040857,-12.838426660911704,-0.09889817215109775,6.406340193046008,1.4170907347105377,7.944638503074806,-3.8816577270666444,13.34837189507354,2.3146973470956267
8.305522124925742,-10.12375947072342,3.9513295676101405,5.067405167398035,1.481783366318774,-11.757344603344396,-10.028136810957069,11.351383802513832,-5.426723316474682,-4.379370267774182
4.235550614402642,6.900415450994665,-15.528218568408061,0.9676636037375608,8.398432259429018,0.8225180192825932,2.512398547846611,-0.5670759559869252,6.054582184098939,5.2015086785829965
1.9195347329522963,9.340629838048956,-12.348317370129037,3.7224734447568286,4.848948231060595,-0.759432647284978,5.200053306815719,-2.5975371658310307,5.201197451976666,6.662751625733165
6.42693783596579,-10.429041855525798,5.814145357913397,3.146153895769216,1.6207191241175918,-6.381246817982725,-8.387326104213898,3.9872712017675456,-8.629261124424177,-8.764947813296073
6.958946140006759,9.656235664810067,-8.208838596881954,-2.6068241063879167,7.272270434712608,5.98413880957728,-0.5580763061250433,-1.904542511939475,6.262949866063222,2.0211983600434977
9.455056100318291,-8.98661284673387,3.885471268893708,0.829565884338999,6.669916016000098,-8.262872417536112,-1.4942861830216714,3.8204958898759163,-4.223505169530075,-6.195152012948747
3.3665310745863137,-10.340259723950204,5.762798411104628,7.952813082712127,-1.9045998284553727,-3.4660120311661373,-6.945946253190164,6.818685279224769,-4.977623201720733,-3.887988677159946
-1.0443021286939915,5.047678333746382,-12.85554997114831,-5.929890561426395,8.597802071554192,4.24045687000295,5.401956915688259,-4.857400304239743,12.447527231580473,2.0573021055620564
1.1482750508044317,-8.897644679601544,-3.4365581080768663,3.7014261632257646,2.3565642340416764,-0.9099089719423437,3.063814594015442,-0.21511571633332388,2.917380683290663,-2.397666776630027
4.890999750183942,9.05333992712812,-8.11297073986935,0.926713871811178,2.2166781938974154,1.0173738937829504,6.412508003877457,-3.9250833339059246,9.675257739884108,3.310198217070722
7.200738549528662,8.21827562549923,-7.928107672360438,3.8430984248097815,5.33805404649813,2.0419924225948547,6.402037396505309,-3.013549239912792,7.152370195350778,6.406015063537149
2.0573257512407173,-6.935008989141867,-3.769345457644236,3.419306148324743,4.675088069987169,-4.425557173879252,3.3844561024471096,1.0518499621341983,4.586113488426211,2.6812621505835352
7.961374442209143,-12.010455570252576,5.715918596385226,5.432696097194861,-3.2044087334553986,-4.695592265078884,-3.8243055607952767,5.871600973055954,-0.8199649746805893,-7.46153453355031
2.525843539381844,11.48471402017598,-11.580939367548455,0.6252496806822734,4.40109274914127,2.206143088250009,5.276278136844123,-0.11971436551786319,8.622782828254357,5.802254162865059
2.657738998181239,13.582891074228908,-8.97614648310049,-0.42839250392874595,0.6280320519481482,2.7109488726068447,4.754204781220403,-2.8519402564797014,10.177045118741292,4.498045073848357
4.052293814202723,-9.116319908583348,1.9363195079258895,4.508774386042447,-1.9029778421813437,-3.7869460744106274,-6.731418685124403,10.185628025074003,-8.85188315018084,-8.335734978777102
3.5693112848173003,7.676775529305709,-10.2387373644141,-1.7989326302166337,5.793876963978773,7.837644841006483,0.4286389943539959,-7.9367253852091295,12.206353194730406,5.042898601440017
4.426342908165296,-6.753647294981212,2.426423966974375,4.448522167658425,-3.9804540665692993,-7.828227649188916,-7.5335017277420055,1.6281875856481478,-7.785179689406261,-10.468565641185188
2.2883769355799646,9.834484089965976,-10.553786380555888,1.68846142870705,4.9607861719549,0.04349504222083844,4.95459624972786,-2.3142107662033466,8.839635700988755,7.433666106653606
2.6159455828822473,-9.10049644837245,-3.0065595738850233,2.2160980930555887,-3.0194197201170305,-3.4096946410825133,0.8552160870385461,1.1090170751249397,3.9019852788373743,-4.082528106736293
4.593659959990331,-11.56343794023058,3.358396650425775,3.6888028445941066,-4.3075377468338525,-3.973323808136671,-3.2884192697741983,6.621495559944469,-8.39978186081694,-8.885352412905231
9.538315695018348,-7.776388021272772,5.793337938616366,6.807892076338696,-0.8324165987094528,-4.251829672049116,-4.738886926745236,1.7659246708827836,-4.656006654525514,-10.473972884157433
3.4299551602675713,-8.754213896104662,-5.272330577634319,5.29249353260953,-1.8105788037040627,1.010886544677239,4.80636842243169,1.210734102269491,4.634955464073444,-0.9451158337828707
8.282910445214334,10.608396473391593,-6.789320017209043,0.6224901766925477,5.295095813472799,0.294614210883672,7.077625292941089,-1.1539437740387286,5.851261921199413,2.970605514166164
1.9112526295430239,-1.901810894409091,-4.131961903073832,6.5429505379853445,-1.8632745567975655,-2.6532661659794785,4.632988201500779,-5.062166568684633,5.345485645294793,-0.11965593070652858
5.813669880059402,-8.08326906939218,4.291178413001879,5.349988663639931,-1.4082161741128099,-5.667823119915318,-6.434034528895999,4.069826296076375,-6.225602986460507,-8.532690635347159
4.473232677974221,-9.05525488395883,-3.3423011433083927,6.77648025847964,0.20077629905942374,1.298181269388925,-0.8560992335935502,6.382814416755287,5.3549829022422095,-0.533972649566925
0.2631690961016385,-9.313762066978507,3.5131711426378205,-0.1259570188920609,-0.009848721002091665,-1.4143808961661661,0.6548769396204772,-0.14096534675845884,0.9076792343582976,5.389881250368347
2.0045084512171956,-5.4829995221427925,-5.467616230472759,1.1498886387591085,-4.548116256170509,-4.401265567603996,5.282900263822924,2.2770988423433667,3.5053430734740987,-0.020484232446761563
1.2874757006753037,12.444537489975875,-14.348233184673875,-1.5001473955627422,5.52602110151185,5.5559384839158295,1.8919613788698677,-1.4050374077575367,7.193156711405978,2.2086304135917034
5.386105648751638,-8.604398296738523,3.9270560386253957,2.657672405635502,-0.20911071849187085,-3.9244700194786106,-4.1126952787971085,2.890845491133555,-8.514595691552675,-7.6198769464835285
1.7861355875517826,-4.84829778654384,-2.2917448697949903,5.302663427894933,-2.982365434984736,-4.033951216956503,3.2514852183699636,-1.097349452904384,6.546989408819615,2.4781026569371174
2.9105614031855014,-8.245891426991536,2.961026129295276,5.035808985821415,-5.802299651874492,1.0894381911001014,0.5329762106407163,2.9733354150971607,4.8545049507805516,3.5522579882757253
4.3436080911557475,5.973553987402546,-10.274245035060824,0.24061794128508193,8.848668101386993,-3.3686549102488517,2.6823673697518973,-5.939019600579712,9.738973526064822,6.361172185793141
5.456254548573081,-3.6416963938135654,1.4819167947491012,7.972198381246469,-5.414730044178278,-4.880560336101827,-1.6070051396414597,0.3156341581005088,2.2580576443569127,-4.52841206438118
-1.3104426091637098,-14.038157144289073,-3.1098000316482577,2.204979004200314,1.5216378496646854,-2.676666896248247,4.297258482450827,3.9359446529890683,-1.408649355137511,2.975042570038899
4.25592868599669,-4.667835701256835,-4.921021481122592,5.556998854194312,-4.650447016391894,0.6677467998656035,-0.3262215406948772,-0.9752044656065475,5.486524879531515,-0.8249137771940083
3.640232706210182,8.455941331421776,-9.615202943651251,-1.5902065237305707,8.576502083430722,-0.18112485734595385,3.294444333075847,-6.282271545115686,6.945935533310431,2.449690018206203
6.254164919102052,-7.055196411698287,-1.6190742575320947,5.397157573517931,-5.153886071018679,-4.479833775560149,-7.573875608842763,4.473841746976886,-3.5136527948993823,-12.784564031626676
2.4865039507085784,13.872007453459677,-8.958334369318498,-5.041762131958395,11.56667476746143,0.1213482258819778,1.4099368707364426,-5.562497086650926,5.921020168977856,5.909474815225909
3.4038940063811522,-6.743542548645374,-1.2523751231503693,4.316238620368204,0.169019734086445,1.7148372457875496,-0.6665804088671252,2.752563634649632,1.2343928329870146,1.7430102897867843
0.1363552949709268,-8.228181555188014,0.8038967602739318,4.582478323798679,2.0202714343846107,-0.7724088850451715,4.610344935462816,-2.3970951177824995,5.178192291068017,2.52912754871475
-1.2679390509098862,6.284948456468537,-11.1814976205054,2.3378177976313017,9.504651158333228,3.7450811310819443,-1.5255432278311467,-5.780039493981045,7.832532294855524,4.166873197556087
8.433670170985396,-7.158562196139803,4.432661500617152,3.4636083559682134,-0.018083392800734337,-5.136482239673256,-7.195090497941473,5.757011323833602,-6.195899246868416,-8.35819666194882
10.86412879058441,-8.313401394068599,4.861315343013057,3.897029547067212,-2.4130593483011444,-4.197657232928121,-8.103921975349763,4.299364424514324,-3.9494879878200386,-7.644800053999135
0.9033830754220502,9.148530041077175,-3.9753073596239688,-3.1100785928005124,1.249429185653634,3.4019350482902615,1.9634717714628702,-2.9757532207205077,13.744355262210751,2.6819028451697013
-0.3361973039976309,-6.337649402231475,-1.1855142449480487,2.910871151729439,-0.8421825683930383,-1.7257873618538062,1.1759427995706995,0.1294955272821093,6.194127222341299,2.0072290279580307
-1.0128077987285353,10.387397570906163,-8.878096671528468,0.5260142294484506,6.384227914549592,6.072180268931732,6.448373668946602,-1.1139165421115527,8.69453171036653,3.7531563553359355
3.2315712473944975,10.130207286531533,-10.35080609203356,-0.1164688251467157,9.3211420398282,2.4475151347411632,7.540187986007618,-6.192147471095517,9.471308073157715,5.1835399741226835
1.5575925224435863,7.353769206532452,-15.178819339960974,-2.8290446126980546,8.62772202686839,4.620506913822503,3.400095953234059,-5.489275499538342,8.01030257081796,6.206921554279375
6.9348240755831885,-7.667562712439778,3.577481398005908,6.484280036609175,2.7265211470933606,-4.476721046688327,-3.039906867043977,6.4073373782344785,-4.655286079895218,-9.313912092753883
9.747384329108169,-10.169317509001015,-1.944739297572653,5.5208125183272365,-1.031779671961395,-6.364103714735235,-8.287797290054451,2.63736550148705,-8.204168436420812,-7.253542508230623
3.198445560013219,-11.5416803802903,5.372291393014776,3.818975436781564,-3.8175489523232624,-6.850863418826362,-4.147188060487073,3.387116187801046,-3.580826643548859,-5.712496299756735
1.711102614537344,-10.715363763413219,2.315700853417685,-0.1426070090197351,2.9372730988012594,-8.281984179402535,-9.123285577576986,5.042686478761779,-7.05062349626168,-5.283001827259445
5.763463191882763,-7.723802458046039,0.15057277799472368,4.609602199909563,-3.765408841689476,-6.243811940862807,-8.841426557424807,3.089602872906955,-5.943149829889917,-8.625871844638434
0.08632828216994548,-8.803386366953788,6.103927659877291,3.431605549341271,1.29672948126942,-5.035875028481817,-4.6130095345631315,-0.13163939917611805,1.0076670658514195,0.021569082113416016
1.888490445061591,-8.309076964277635,-2.898448978181571,-0.7540830279653701,-0.6512218746017909,1.1157463802160388,1.6625039196216154,0.9715982547557039,2.1610162745294206,-1.2104704315088584
7.341436626553872,9.52666652369008,-7.8060157453550225,3.6533649771508205,6.85640027332741,-2.106624135209059,5.323071309672896,-2.316799012384983,7.084075678301612,-2.4843097994547154
-0.06140376368313183,-8.218366896326716,-7.80557515928728,-1.5226653100219059,-3.902327781724016,1.0198876209456817,2.52425813791302,-0.5445725594711597,2.7884335745738293,-0.25063056226179814
2.0505843176113827,-8.463547992207893,-3.7086885188608405,4.999392686942203,-2.712485676284251,-4.204187435067247,0.600609585066946,-5.657290269584787,3.381371462632341,7.147049872847941
3.0266695801559993,9.680149225103957,-4.566695943551197,-0.3911210132539017,10.023936493518267,-0.7217797414629592,6.52302741480416,-4.3659660078487565,7.911707620011902,6.279542529197176
5.010411133538767,-8.91102995426478,3.611228576165811,4.766289540319221,0.5354561191754305,-5.793768915860399,-5.009736674650413,5.930140329715995,-5.35710457596564,-6.2225353222904465
-3.073629164284663,-6.188896301590592,-0.9183581518315493,8.73870276935708,1.545125619175585,-0.8083415994494487,0.3303939680480945,0.3469152183410957,5.439725063251425,4.417054500439381
4.93061160673121,-9.273345609160037,1.013587386871628,8.180012252358978,1.9507389542198545,-7.481821972128282,-6.230255221605869,3.5500209232811795,-3.4382317090154126,-8.532086173772466
4.711407846185784,-11.741856761304495,0.8184026015994887,7.7400154911674,-5.074156385634232,-4.152715306629888,-9.644489911344067,1.1884883368838821,-9.134204673239314,-8.877037778523459
2.257190755382555,-8.734627318261726,-2.8944353200443986,5.149656707443036,0.5242391628098291,-1.3639954560095646,3.191742014471344,-0.6038766818425235,2.7275106150400523,4.207741476483957
5.060560851623913,-6.9388694065471395,2.395263591957263,4.878874818031451,-0.835768484545597,-7.168481417343856,-7.800292715976507,4.326207417224535,-6.237964716609605,-8.993704141965669
5.697382694864965,7.334685123925723,-7.290132679735113,0.12852064532184834,4.166734496540272,3.627773878125665,4.948337624357571,-5.815535363373189,3.1313596238690327,5.773527930537902
-0.2509382209710782,-10.513586233212347,-5.772573877180501,0.3918312696413335,-3.504028117801992,-3.171209063488791,0.9477921543725367,-1.5565838391466151,3.1078685332212004,-0.32342326925397336
7.538580259906023,-6.728635712776459,2.3452146928934416,8.002884911480034,-5.730648765688243,-5.689440667464437,-1.089274809464802,-0.19109894017326645,0.23026692998671638,-2.5394361629669593
1.9084685776695256,9.102027706841795,-7.560931369991228,-2.651004679480459,7.548502648037458,0.5773048225311992,4.2120663132736595,-4.66337937206244,7.828810190284147,5.885692806503007
2.485379200365943,8.86368339794119,-8.88941949033953,1.2098181029535304,10.110958444004295,5.086427491037737,0.9685389593743343,-5.591375043273226,10.69756894450322,3.1446422375044114
7.657822944123659,-9.557404270872475,5.123150018530465,-1.0128523827072602,-2.17366604154741,-6.414762305007244,-4.778925451781637,5.681442280433346,-3.9047155846090504,-7.340856049005687
0.864402887154359,14.127470290066128,-12.373653016390499,2.9536263593601464,9.01158007557722,0.6425240238367012,3.5567327634551793,-3.330376059350574,8.500659891058895,8.509054591349269
-2.0829824556840624,-4.463512719016677,-7.380884762168138,5.139859968511683,-6.314070908876049,-1.9438469693324523,-0.7931955335782699,-0.2153651317909573,2.377656225982939,0.6720574661198002
1.8596407591379363,-8.302954018323266,0.5718136990700922,9.54510316964576,0.5521311120676958,-4.756128601494978,-1.985998398280362,3.1198618875307287,-10.053495612870401,-7.17364232286226
2.34134600871543,-6.184385683703296,-2.9210824634310706,0.22533045222493708,1.5061891390190683,-1.5770324844779393,4.716093704980738,-0.3832271916062653,-0.2509353751593908,5.304588265262339
-2.012878489660568,-11.216954227475314,-2.1835049058786513,5.751355293389043,-2.4524356418419457,-1.4214489194051607,1.61045528479776,1.5393552482929853,1.3467785723953174,1.7824982868478607
4.3094437636825305,-9.124499897128537,4.422331072516277,3.438399988367764,-5.3630816269217805,-3.637210475346275,-7.625643282909309,4.626976484236194,-3.64744025303836,-8.376066758094492
5.26765394341098,-8.383542355424332,3.185046169566066,9.93418161636911,1.2877385725663462,-8.21061360732271,-7.101044496119238,4.769509437186972,-4.100826283213543,-6.161666639637991
4.328564018581014,-6.618772385479079,-2.040519995636279,5.163619802998662,-5.61383669273043,-3.5296435924058835,-3.1687064590629372,1.727468094145369,1.206652609261755,3.656179565492377
6.138328301908384,5.485561418336378,-9.683919672503379,1.8422631421179332,4.423139948779952,3.193444021912067,5.956277499265449,-0.5096431223908313,4.885012810090053,3.2632481814128074
3.6587342476670095,-8.218298918975634,5.029215720875858,-2.4729142768805987,3.0155123719294274,-5.645368897089523,-4.886521573810355,6.866549273290757,-12.355541591155848,-11.22302699517859
3.55831898768764,9.764389816810567,-10.29809855190031,3.522189666670063,5.814358567351253,4.540319938733543,3.2795106812585413,-3.8086171386018237,9.322558482108446,-2.6133741520386664
9.162756890661562,-9.771510170098097,5.4067812707148555,4.199853929124137,-0.3922960462070925,-1.900377399222057,-9.222905445314751,5.811132810754444,-8.04650878367483,-7.507148075503615
7.794228060772888,-12.140737743505458,5.590885619535801,3.54613561755282,0.30298398822945394,-2.497207404458285,-8.60062512242073,5.611612151335571,-9.443971486597643,-13.086452919075864
-3.149588144844132,-10.38698084543433,-5.5916119040325025,4.403821675553939,-1.097735582141109,-4.4581288402680705,1.5456170355481589,-1.2664784478710032,3.642893607244363,0.8427491941599206
0.3188655471390033,-10.505976449535783,-9.336660252825961,2.8810964492063373,-0.6064659063292982,0.1178543252501969,5.157489576217133,-0.8738055937513487,3.783669298843786,-0.8098238241144005
1.4346467902563873,7.525523451958901,-9.390601660752967,-1.6169455923495073,3.7980070654222065,-1.7580985059176157,5.312886541641609,1.2836303368012327,3.972400860538012,5.091725134630579
4.672335611865453,-10.979714030324786,-0.4023900956646669,4.063798257933609,2.6676614704982713,-6.164506266644511,-4.25593425531401,10.186177188833229,-4.214384749580616,-8.615329327525128
2.5574744057421563,-6.795368521475732,0.40763440924761163,9.539109770316745,-5.409037711395224,-3.2433798427637592,0.03324734734630841,2.6226240318917515,10.321254260837225,1.7955859433814614
3.204121890525089,5.602115357488457,-10.897738549423169,0.1843273130440184,4.031709533320279,6.802866880946886,2.276449671143479,-5.3786151026790625,3.6206534365413496,8.34119926031334
4.09556060305905,11.879949586461999,-9.603851243472851,-0.8135425742438342,6.205170958428645,2.4117168781022373,2.999971168744095,-6.221225263098827,7.384932476954901,5.275443594207464
1.2849096972688536,-5.968114112370838,-5.2894023445407825,2.7868514944997633,1.4469984075082358,0.8704784321263177,0.24295092139682906,-2.6110883350608876,3.0453131415236663,3.346172127863734
5.9447367838102245,-9.947622356124663,3.0827253302215882,7.04985886176534,1.8583901409322463,-3.305352862988891,-6.638633451879782,3.472972630460834,-7.796283476158511,-7.359512694851379
6.802326307886954,14.32453452440702,-8.891766241884186,2.817991605832354,9.30183230883037,1.9765366804765605,-0.25450779962773673,-0.6696726658096401,6.641822778015096,4.981965248015337
-0.34770617527951253,-9.177669747529993,-2.852103318232669,3.548024857233121,-0.37805279361964483,-1.5491837136932314,1.2544293772951636,0.050889665695414865,0.6365199435522597,2.834107070941388
6.429710814016502,8.12670485513495,-9.529590240935375,-3.9761215975370163,6.7666935987931724,3.3698134094134526,3.1743467185920586,-3.120066667975018,3.831578515964953,3.6578905541260522
-1.1437584608603952,8.393274234184691,-2.5532879073655703,1.0551652119154349,4.655723920308687,2.3000254061369754,1.6684829524243256,-3.162040875434715,9.276045854912146,4.5601962056344405
9.62036971768342,-11.043881493292954,3.3933754386218338,8.896526886493604,-1.2599154721788703,-3.262570762718204,-0.1433498295910134,7.810650707440951,-6.347857525267372,-7.753739557414759
3.863169966331412,8.865276918070169,-7.0586187696189775,3.0071897893864885,9.479895292436709,1.9775748286747525,2.923252827632674,-2.817374887559111,5.743949070323465,3.0757144808197356
3.836489836377825,-6.8111979416650685,0.19138348812640338,3.270223966950252,-1.0530327554747114,-6.1227552720521015,-2.2191149063115767,3.5870183167113843,-9.790322083998234,-6.346013539703443
9.208653682466625,9.443522803035268,-14.310957543106023,3.252327197002197,9.317984935599819,4.095718332865285,6.085231446514909,-3.417541732170394,10.291799770505843,2.729266567068842
5.5671996889701765,-8.220499849593427,0.9651586958349112,3.3285343799341094,3.5682745672971086,-2.048700526907887,-3.735441626854445,3.778396189535382,-3.4301605164159144,-9.055283816519859
2.0376492212642168,13.916188896043657,-8.629322137785104,-1.59657992941995,5.562194002679914,2.519146773400982,4.132139423143802,-6.731556040424225,5.711081430148122,5.814287716731712
3.0619992718667683,7.023264224637362,-8.341533286363797,-1.7701920685667414,15.275321001700794,1.702666392646266,2.3449282445935054,-5.802293724523659,6.984518178889411,5.5318780004237365
2.3412089333032924,4.392417249553715,-12.90074175044904,4.5558455020940665,4.121402577019145,-0.561303575053151,7.907159701613989,-8.230815413004294,7.566352101968016,3.291336066247651
1.900542479035714,-9.58566652532527,-0.9449714962424207,3.1891565476594375,0.8321396258214826,4.094256293102571,0.5390558853931815,-1.0089964282061121,3.432196496778741,6.000005111921862
5.361766811089626,-12.395816563689095,3.426896670873508,10.272556239870482,-0.6872750969716392,-8.012536948597393,-9.833233267735336,0.40562698496382765,-7.476146390981263,-9.584114544912548
2.6533916284928942,-12.681109493249021,3.5264338333399734,4.88365882291775,0.987539481468793,-4.412729692375658,-6.361003419583277,9.999745716274795,-7.873474374039603,-8.063969694897004
-0.8771953257946841,8.84658308157714,-9.054559130712953,-2.1233080046397936,6.09128350158472,-1.5074697736926113,6.8706055662357315,-5.964421349108909,10.383982726101056,5.87196803081768
7.043308708554198,-11.268715547861134,8.277630954883776,4.359859849279374,-1.9388706010065622,-4.302095231650067,-8.118240711806791,6.693587322202796,-7.739731116878627,-7.013963871077082
3.621859176764487,10.441389782097412,-7.453640048271094,1.5758651323654673,6.382902691303772,-1.8152127225343806,5.524063175098332,-3.1769663144091944,8.94068324403764,4.060972148537024
5.756833238991584,-7.219214352202467,3.2335332973654003,7.059864371208697,-2.4523328808534166,-3.3436407186297394,-8.649700571344596,7.780211566035315,-7.109852555443245,-8.25362318547484
3.680334624376265,12.439358782742913,-12.792609461803679,0.293883916102381,7.752572786156058,0.6427184618808248,4.286872756535509,-2.966691034776628,8.917506877059381,5.585048756919539
7.029050197133721,9.984302713856199,-9.125250061965295,-1.0004590165743266,6.3947589464338686,-0.05978895561957209,7.381739748005757,-4.776184803132925,8.068510326406017,0.568738830047891
3.4397305384818573,-7.951267094487628,2.51009662685288,0.8117097938639812,0.8707783276363281,-7.992769703547424,-4.982468807871551,10.766493976027089,-8.766957242132069,-7.55427775166195
2.911750703247873,-8.76602259888222,4.120585823977658,3.8262637810327265,-1.119399538620778,-4.163395710014109,-5.646205246180589,8.607587091437411,-5.329420155921314,-2.27289215893508
2.05805918339765,-6.936140197600859,3.9843165381059458,6.309800204395496,-0.663754799016091,-5.023761356647563,-4.631438222918754,6.7792416655376515,-7.467654823751838,-6.390256263718237
4.38529132147848,-12.444402019832774,-1.3931523424973342,1.329104098014254,-0.8194231395342751,-8.726406617305852,-6.309642661965969,8.943697567248508,-7.00801722481426,-12.962317208198916
1.0178532234835729,-4.219958017973421,-1.706619630958527,7.1935986071858995,0.669907400178904,-3.59429670773719,1.2422686381736976,-2.421876441374942,5.781379583774971,2.3231772019267587
-0.5788161304126398,-5.471350955935219,-6.210467693216108,3.214848133882075,-1.188044699155733,-4.561679998059168,2.4100116581491653,2.3485697524044022,2.3210200104708525,-0.25618346021755833
0.460691898169991,8.259337630060237,-9.62655236021943,2.5906410577199277,4.609606514079531,3.7505241459036767,1.7506117780818267,-6.013749535044777,9.989653945554613,2.54320159165581
1.6476876506478844,10.354657203077876,-12.633454148036657,0.07162663857700272,7.417861010666957,4.162677058763075,3.9679734546069363,-5.68607279404934,9.743948109193425,0.0569548472189787
2.8668006739196437,-8.233222065254457,-2.176705027584303,4.937415866251014,3.397902893813975,-2.8448044082224664,-0.1751604655842609,-2.027148163989964,1.6961056331836792,4.919553842097516
4.686453232986889,-7.4644394902578295,4.440040835404595,3.0079053351542697,0.7024920581317261,-6.68108521809684,-0.027928689964145548,3.3622223977074945,-7.399855162092015,-9.105408512063526
1.9497864148417792,-13.018067695214112,1.2490854652760326,1.8887442070946738,1.1641343716454038,-7.47776493916606,-7.419330896252217,7.304706545068674,-5.935988726584077,-7.917565027542412
6.4247312993819605,-15.863633760455624,1.3564446134072015,3.836622897071595,-1.5426196852187273,-4.794239790746028,-3.2959406316499233,3.864170822914032,-1.1287914116076045,-9.98981317950332
9.60407909539872,-10.463060961052594,1.8537154521065662,3.578872917068514,0.7508151863539507,-5.112278120802579,-9.801309574028261,6.403478365288777,-5.190264854478478,-7.598030076173474
3.89094439761864,9.700831842782911,-9.440217904276146,-6.8298244264560015,9.130735220115897,8.237644725821163,5.814975965985354,-5.6919751045328555,7.190446198332851,6.54883238252466
4.699882731477983,8.032344813257655,-12.55196800255738,0.6165692722273426,0.08618850988695037,2.0491559610927936,4.226369687232471,-7.125260167884958,3.9420740586927243,5.901453338560103
1.0412057948943017,7.9562934410090165,-9.618518970539702,1.8269461953840582,9.489139533755555,0.4140108918710317,-1.2541862426020947,-3.503758782465117,10.00664703343231,4.266778583138377
-1.7171554715572022,-4.773513153798513,-0.15699827894084395,3.634798040269775,-1.8008568133184066,-1.4412865413469365,3.7071734613272698,-1.1793684150752446,3.683620634525421,2.6435225035289425
5.366641758833119,-13.478817192889457,3.5388436400601453,7.331988894414263,-0.9935517957133149,-1.603545136964963,-2.1758383050153696,3.4813951086677615,-4.456487088431917,-13.477683399704159
2.901139604729593,-5.799285445184381,0.09904061546476939,1.9079673084695639,-1.339590012282843,-2.6932346316941174,6.168930490585613,0.37534076607452993,2.0952315921399247,5.206365237480864
10.972090352021134,-9.850255843248197,6.597783464330818,5.17239968862912,0.06743278968461498,-9.083152317617174,-6.098419074664991,7.796491000163991,-6.285488604433785,-7.182726869994257
2.593940340309328,2.9930566359826827,-8.235685879172308,-0.27245032325654506,2.7812635293232937,4.5980092114116555,3.748816093396246,-6.7776953612411095,6.765815516637886,8.226287569155105
6.796856648257915,-12.464262252337072,3.6972531893410467,1.406108874379611,0.459873550868953,-2.608560781093228,-5.4403603765312445,2.1927709865263503,-7.361608762576179,-7.362840103110474
2.78333445504938,14.053596247667805,-11.539931745997587,-1.217219429598435,6.397935773144051,-1.386929581775708,2.6700401898803916,0.3514257497183717,10.535494055889217,2.574578746698685
9.727380041092836,-9.211405365992299,3.8471946578123655,4.127772356940778,-1.7921369876326323,-3.3490024662904827,-4.569118524169055,9.148969456259005,-8.545000816762691,-7.305001634932461
2.385981051412254,-8.498747153086654,-1.2437466873383556,7.906527273602463,1.0549726479212378,-3.8171635492424327,4.706261809252764,1.5863439807000952,2.83084968473024,0.17403899531093447
6.839878487644408,-7.96134592410049,-0.646008201685802,8.738627469648685,-2.2268885276653116,-8.954606276335966,-4.5004428423072,4.349242301285975,-6.344200129292924,-7.695008878971624
5.919593424948735,-10.223162147922682,2.7374836772917774,10.478493744876705,2.1810592547831673,-8.9711234259109,-4.404586918982725,-0.2309073426533299,-5.070410957763224,-7.0401179587417975
1.490740224516698,-5.970467245386611,3.4842331688980694,7.765735767033007,-5.032853638095375,-2.9409587042696965,2.4948632685895276,-1.041930003207411,1.3609241322514003,0.6693905837701031
6.315466204903626,3.5960505075014417,-8.883169338200874,-0.08492191602426402,8.368913210127541,-2.697370749925028,1.2127719330110756,-6.442802220597176,9.89117681604688,5.289434832609544
4.222926486263033,-11.612240539378826,2.400780835284424,9.52802928504027,1.2553151075983375,-6.090735743425637,-8.752689300990209,7.589979154266637,-7.19376380198584,-3.558234155436825
7.028168066533924,-12.727967943143227,2.5237081953216776,3.743920102050324,3.6339219711610515,-1.521656362713082,-5.914261791900723,7.763069064157192,-11.458291488248626,-9.304169116230232
2.899647645962633,-7.007914707262231,-3.6430074182030334,4.357520764323839,-1.668547012136525,-2.0582379416488727,-4.697306588403043,0.31991028742311617,1.3661009802357449,6.045285536247176
-1.2278135858062273,-9.14372574066554,1.540782553499736,7.4494070490018744,0.9366289914380994,1.2877161106506918,0.9417351769635878,-2.3565547398118274,3.6394508795265974,-3.5330739056288074
4.1575878817212475,-10.48257057102441,0.08847452975655168,6.676190645742376,-1.3548661646072564,-3.8650746119789137,-3.378421089722875,5.157451947202776,-7.946333162718803,-7.458798157228771
11.66366638566617,-10.741079816434993,0.4895734049066274,2.9833852661071725,2.103227438096594,-7.330604491827048,-5.080764660938964,10.474636335772974,-5.4707822879062915,-9.344588769139156
-0.39141401659462205,-7.151366894434928,-4.18729635111343,-0.7056194090371832,0.8414265869854063,-3.180431704491796,2.3047831606088156,2.183220316188044,5.398325159164492,-0.4544900298514718
-2.3489119476719154,-10.9854559148637,-4.510120941255398,1.8114278470963872,0.839495073056685,-0.10711506174665386,0.8150060920122391,-2.9710571151034273,0.05542354462193044,1.6998649208067407
8.019409607339497,12.022523388558799,-6.758047508527528,-2.0327581280096494,6.573766233521153,-0.26614869986901724,3.4836927157447843,-2.4066715289945555,3.2571829730121005,8.925444578146882
1.1234313946454428,-10.385601072695216,-3.2262206762906365,1.9447212825060407,-4.108074479308794,-4.254454733495502,2.1338421056894563,-1.317720968333425,3.64469549233382,-3.5839006439993817
-0.7540374407869201,-8.957967907851238,-0.02081851763237985,-0.3069479077485475,3.101283170893465,-7.205881144550121,-4.239211403384021,0.018757629226084233,8.750169451848503,3.6167228907152236
-0.47416805245689764,-4.929152725779123,-1.7027611779285312,2.783634433049533,-2.5025847941296946,1.4009672725525517,3.3454838914470164,-5.648498219053639,5.363054475815953,3.58450719141437
-1.6582206495624496,-9.690139864238413,-6.8907449689361355,2.731781045230881,3.1551124727357927,-2.690733133196264,3.0558934143406424,0.5195532046308986,5.026469978541474,0.7377324248305739
5.304336586988037,-8.60160797010762,3.216127561320607,-0.009906773580407702,2.7394108330084332,-4.892707147763073,-6.19352277853853,3.325881842109926,-4.837885727449692,-5.937530837821256
-0.44664743639899207,7.419393160465777,-14.009837452293596,-1.7878573008058147,8.306625859496616,2.902332117531233,3.4126537037682017,-3.7525832251079025,5.398392469447323,7.293163671946007
8.67708550270023,-12.450200578657231,0.2955922302865237,2.1869297735170488,-0.3545274801330815,-6.236789437492585,-5.5049198837577755,8.005691254637851,-9.508942400604598,-9.196855971223336
-0.23869755910766588,-9.167538996097019,3.1581428788187633,7.591431028493,-1.9425599009241794,-4.124835044145111,0.038275507079052584,-0.9642730371532622,-0.08449867030988312,0.8549584276700397
4.412346380817853,-9.862166919119371,4.073365640068599,4.03278244636129,3.2069627611299225,-1.730634693018251,-3.2804145602240893,3.7305674405871736,-6.952284324866018,-8.382630915785889
4.399103860920446,-7.257871926153504,4.018636319361772,5.464059641065212,5.134204541406653,-2.8989360536534563,-5.580446660127336,5.181893003308826,-11.585543642214713,-9.83528444782154
2.547477909384228,8.7831475500586,-11.824418534773914,0.39163083608045623,5.854695321607888,1.3006334818965746,0.2886566460866824,-3.4416757832332054,3.2878100708645084,2.3322261044370434
2.3138760141503925,7.375701600652223,-6.073177049979222,-1.1330584984480836,6.636624026671172,2.5854689368780166,6.078340781138337,-7.3478460917294885,6.191068233593646,3.9471861421826526
5.731269016146568,-3.791068325574278,3.554497091658077,1.9433270006636496,-1.043203189896744,-3.7120961487059185,-6.810978719665009,7.004559886928978,-3.184349522461284,-5.795903587828935
-2.44398566800337,-7.402686850570291,0.3195811043735661,2.5971639867501954,-1.3069912501936123,-1.9838849044928204,-1.6523524664325366,2.117051710686142,0.8252340547924626,3.092942830915182
7.144316482735244,7.983042309465429,-4.090262863071331,-2.347590207771721,6.72508549248116,4.141087705307989,2.321562155582702,-3.750420414637317,11.088110888700111,7.793430501180284
7.355087240073025,-13.756542677649293,-0.5124563184533657,6.206497023309019,0.5496958272300879,-7.10079829447914,-3.761411733765109,2.971926154203628,-10.219214022439848,-8.020746536907033
-2.523674163205472,-9.213408462467637,-6.813499199799909,4.188171929392571,-4.661053511728648,-4.123006537373416,1.5083897245756774,0.6776362438301178,6.319870762101545,0.14416327791103467
0.7422821215224298,-5.480810407306631,-5.342787939993562,4.108876877680002,-3.787955866128239,1.114910712597423,4.767253564530816,-3.061719654149973,3.974662552313119,3.310831604974617
2.724921624198781,-10.175079392438805,4.62308047215362,7.623120205050212,1.649492579995663,-5.0662183404328385,-8.464400868730632,8.16399382345015,-6.352942334939195,-11.328247535057397
3.722226270349088,7.326620372399655,-15.553471172751173,0.7552998905498745,5.27583903530383,5.8058020304092866,5.362706194607897,-1.6584570429528052,6.806593099536122,4.653487210729679
3.969693817292027,10.14510035675562,-11.311198005093,-1.5308453637675126,7.4900062627415505,4.827564353673884,4.697255836838531,-5.486583493360141,13.871718759495668,3.057248022358624
5.331122393933359,8.017617817848079,-8.054402216138733,-1.4299083707179814,6.049035650754556,4.3583835990832265,6.85290505763351,-2.1215014877006113,11.988213841279384,1.8485142048653942
8.776228640228803,-9.511686735454045,7.63642906374898,8.593991652442792,-0.7489332880746429,-8.902343522148044,-6.158846017881071,4.008645893649114,-5.673400553835936,-4.197183781156132
-0.9467285013925737,-10.762984532314226,-1.5622098274835228,5.235693279396602,0.3947884703522848,-1.193061335498097,3.354631966310737,-5.273365018334527,6.850656643209304,1.9962039922281607
-2.024353606622829,8.03912455866063,-8.80166620720366,0.27288683551713794,5.234158064465051,-2.0803005954295193,5.209123217550126,-5.1641214231596395,9.261393742680012,-0.8457897628551532
3.366098118273518,3.7417978742102633,-11.37209701076814,-1.5388249093175284,7.588010501100481,2.9847841391749905,0.421546830104079,-7.422204881083597,9.651006575690381,5.874622555081525
5.732712543923077,12.036403506805847,-14.383039578567576,1.1405675717098402,6.577345840294284,4.573687479188643,5.306387310546781,-5.708235378962955,4.273621507132509,0.9439102278160449
3.834468451486015,-11.159648793033961,-4.6706573816234105,3.730238008666308,0.5718410676906964,0.18847193224627823,4.632030504404851,2.4050101243605786,-0.6797158195796449,-0.7274466820541168
-2.499228408306568,-6.608344233079226,-3.4341170826377057,7.71591329207702,-0.44845862516892876,-0.7435972952596367,5.906517891816588,3.7768473495536714,3.5884313279941384,2.6574552822479456
7.892907407579914,-9.514392594564171,0.617045703948846,1.0096982486526147,-1.0335418023774927,-2.1486188787454847,-5.032569971086401,4.278710702887006,-8.297841859920155,-7.968673509530405
6.261939431321403,10.648584526585399,-8.62828492752174,-0.33424564397984535,10.650447372208292,0.4426683134587961,3.277054262716271,-5.374195431637464,6.584339964610425,4.258876380282349
-5.020519889697907,-5.6952693376465415,-5.538814539432304,4.885341035047714,3.980869531273,-1.5241481438605624,2.076008623595954,6.731100349665907,6.105797762381872,1.1890294913039443
3.3404375326122544,10.525747350438074,-8.074317155837324,1.2549738611058834,8.513480272860246,-1.4381558151667049,-2.098784841066899,-8.860507043649855,7.783384783976787,2.575150806838591
3.989118705203804,-10.4853888488856,3.7634279398573556,4.881282945739651,-2.5416506352634296,-4.025434372807241,-5.4691992951945005,5.833560888695012,-6.378375176904995,-7.1106493897852365
4.659521983620397,10.21612418556637,-8.584858525834953,0.7776307547945344,7.6258560974373,2.6945766756865837,5.149181041275357,-1.2560163992290487,7.264229988400621,2.139463288036768
6.483456553935115,-3.9000547659115083,-3.597060114183417,-0.3974831027489074,0.8206042566377305,-2.2972051212835667,5.606506855443257,1.5799539699950014,1.8480840272571033,-2.8623299542516243
-0.8764816574512022,-8.097844004058299,-3.1665360118658286,6.948778928985771,-1.5695131024421465,-3.6621214197377037,2.3852825919798124,-2.886460918387786,7.215420841261324,1.7142685466164014
10.83956908791593,-12.394744740417499,-2.190826201334785,4.668550012471124,-1.2189725894545909,-3.5235927076442297,-3.415666526210001,1.4627077888224966,-9.308260687283653,-10.783860838781973
-1.738120846027655,-7.594954407429194,-4.745717722545377,4.111483145513588,-3.205732361079076,-4.478160586536111,0.6967374989594386,3.1224370797841545,0.5093067177584367,8.704423288871372
0.8887181107228093,-10.466625020885004,-5.120111234116706,2.624133081104598,-0.9531655570222115,-2.367342915447308,5.321771351109829,2.4807592688089457,3.4188326407010408,1.8122127828068524
1.1377868406059926,-10.632648357473856,-3.8565902051283008,2.6753168457931458,-1.8504085494864286,-2.8622413097965858,4.316533183372962,0.46173909943312436,3.7707763841562887,0.614797779675565
2.019046412624081,-8.412230002275782,-5.8478405520296315,4.553897061856093,-2.127748202958212,0.9407655438081792,2.761776065029901,2.186533961100278,4.35550826028488,0.07997507939733728
5.484970908502309,-9.039888173434992,-0.35633384556591974,4.982749768821117,0.7423703410289624,-6.617884870811748,-6.252789542218799,4.710978476078012,-5.651005541524088,-5.602045860967129
2.613250207079103,6.215612626142216,-12.284247845714177,1.069653016667556,8.65579454338937,2.8636710256111573,7.772577178831776,-3.5919355654379777,8.068024386761929,4.418149662144494
6.805845431145157,11.606116088293291,-9.14258444151865,-1.5827317486197108,8.58226129303975,4.021550326644706,6.744195390934485,0.7072118754707182,5.6845534218550995,5.0790432126969085
7.3418554702245356,8.052168982158186,-9.611559586725127,2.7005442968567777,4.411413507598457,3.177940118144967,7.63432971636557,-5.202633514731517,5.212941527014165,-0.2585326559020915
1.1519900905619966,-5.578891794655624,-2.868812887205445,2.4453426291320275,1.3499627968092516,1.6807113882338252,-0.47960510704933945,1.763360708242079,4.739674630805571,2.6906387489388015
5.844841152964248,5.708565322947878,-9.279569235902368,3.8367071109672377,2.98232902963188,-0.5518668680689212,0.6054433670727124,-6.067100065569178,9.484778445404542,5.5465907212677505
6.255390951996877,-8.41973441549726,3.536404081733293,5.998418150933546,0.8237735010286149,-0.602775462133609,-3.4175520525462955,7.550834901400424,-4.8596055915719845,-6.24269718651842
8.026357759652813,-10.811559814265156,2.748984085854428,0.5289947513828608,-1.5366342682737708,-5.373400840850636,-4.272346069850812,5.40320827009253,-11.043631536094486,-8.358555305411532
5.58721136471995,-10.000974441596309,0.32119026104341497,4.842091396464491,2.7229807539126205,-4.573760725869108,-8.247395172541884,8.105743173223082,-9.62691699773493,-7.708605861840436
0.27952243754466943,8.971332020560016,-13.168665585137134,0.27495520175371735,1.5530259451267092,-4.905432793659879,5.615929317905463,-1.6582633556012647,9.117982500394307,2.596281062707952
7.332193735564696,-11.288854710295524,6.1175233499200985,7.937464628457653,-2.4850179405314163,-6.130219137254549,-6.837920119786899,6.016595511023402,-5.448003283871509,-2.423081852911954
8.04187000735558,-13.131351085870456,1.7667167406364062,4.671313422867515,0.7685312987798689,-4.351809835203751,-6.5782174356338246,7.683295387727772,-5.830898821719956,-2.064076075433287
-2.4844264621956995,-6.062141507223564,-3.581147870729383,2.8520123362635244,-2.365286919381653,1.3444040834301365,8.13749742979599,0.0637970307227203,2.090239777983302,1.4320772467711265
6.728686934023379,9.729039890774322,-12.267224334926667,-1.5333469961536357,4.82700633627575,3.4729361524662132,0.49047287243078674,-3.4199088353418268,8.799871378706287,5.5567799939067815
5.274913969442134,-9.041890471086674,-1.1396210267353677,6.120807585419785,0.022748298726060295,-5.113138284841981,-3.4446072307530895,5.324778994583555,-3.8494428968788275,-11.577676343943075
1.5581493880410964,-6.222944736241394,3.9309376526167306,7.961954156930352,-1.4386239319385496,-3.3669951986013777,-4.318980890653709,1.3779424482537186,-6.24538151630707,-7.445425795965627
1.8489124002828503,-5.270627357138457,-0.603992723927558,1.7417187272169274,2.0868771771347396,-3.465599162342152,2.59694654914436,0.7449828670378378,3.602040688626568,-0.3820937129385813
8.197239124937738,-11.117015256548928,1.2411423890939297,5.663015432637136,0.14810367215147505,-8.241407055144206,-10.310955415814163,6.633479851983569,-4.271113037023434,-12.0991662325625
0.7124085101390903,-11.48627518709677,-4.588748837513205,5.73443060871017,-2.6066365659270216,1.0850815450043672,1.2810335070205372,-1.2424043412850663,2.858772139868472,-0.16384153336757823
6.037949165997395,-10.028208069425888,1.6586408794027778,6.930515626711274,0.8538342805614338,-6.022265803686642,-8.73798616470464,4.902939672703824,-7.595238732015299,-5.095269387245866
6.749388534859471,-11.825320603985972,2.178439405057606,4.737388071153839,-4.23097455146439,-3.812296600647264,-5.8869231459440226,5.153011273046054,-8.001079337740451,-10.998511807226985
3.0573783069329834,4.703811273955777,-7.605157796822923,-4.206474494368905,3.805265710556932,2.9415291846683784,-0.15374182028022076,-3.657632158243373,3.803652772652441,6.766966295227347
2.661587108691299,-11.01293571107203,2.8901478698975103,0.5265855780941777,1.7592310944514042,-6.161436870526107,-6.474034713091117,6.0953414391126355,-8.085940333280368,-4.453319091759688
-1.8497588967100302,-7.043344289524365,-2.432915526254654,1.8596466472619841,2.5736910856830093,-1.8260404223940747,-0.5729693410383434,2.4673562551870907,2.6885834424864328,1.993290111839077
0.05602878237933662,-7.9305399923613304,-4.05270787585535,7.708460835679853,1.492390980629263,-0.7126803440845648,6.27532686712806,-2.185858170186763,1.4480006093842055,2.9962766370777496
2.8776138896337136,-6.379757326299213,2.7944862778030393,4.72149513271621,0.24187824094250088,-3.6098134351697597,1.5795153554556918,0.22835380475796407,5.033478144061627,-0.23616352919408357
-1.0501110408504974,-2.7937706363444494,-4.131849351415844,3.878891772777429,-6.709296220610796,2.742029785958924,3.1672071723903477,0.5140109935742974,-1.89439460947131,0.4709074782002205
7.940416595988503,6.041206448306465,-11.452309801736,-0.9671815189327126,7.197728439794004,1.722549266537859,4.793759517443883,-4.3372644809149845,8.85209037913591,6.7850647446043215
3.607751796256974,-6.403150483141689,4.988232040199582,4.855934111162965,-1.7455448101389333,-4.056670848870342,-7.201975706474774,4.782070908302378,-5.338811357595282,-8.817022906184803
4.508626205819142,-10.303922143139394,4.78965200704004,5.34971638727688,1.4273772943886958,-3.969334408438761,-8.718362574923841,7.05659765102607,-6.733895430402754,-12.256954641079266
4.792246060760374,-6.447761412325061,2.471601778196575,1.9239720122377246,-2.919674966623837,-7.397416718278785,-9.31972122141767,6.448985512525618,-13.655436538172498,-10.286649472161155
7.2526814831837445,-13.830964740716754,6.858153562503538,7.885386901193158,-0.3612937355769553,-6.229681610914207,-8.422573748848704,6.680715728501327,-6.445779591893707,-4.703042955460684
-2.582611473689928,-5.227860559804503,-2.742059178352596,5.4386599501495905,-0.2761949465732243,-1.2254125990418308,-1.5905622398060708,1.7021322241771988,7.037723967995687,1.3485314605235903
3.176250269859346,-5.245918182707786,-1.3206153952495563,6.323437200697656,-1.0915155393333893,-3.597813712689739,-1.9099184734936747,1.3057485704953542,1.5875842102672895,-2.4301802568978212
0.6448622270392628,-12.581606681864752,-3.1764577024045715,5.024437079108301,-2.4600368334877403,-5.601897445662983,1.8954904955113319,-2.576960532907053,1.9608284458583274,-0.08241707432272527
4.084274694268487,-8.088190871710982,-4.379699732225761,0.2694792836431352,2.2192238864272924,-4.275394781170395,-0.8551993097659807,-0.9024668752803879,0.16863037302081096,-1.6978046023544997
-0.5504563110198888,-6.777622273433446,1.6977768537198328,6.358400128167638,-1.5121285929227088,-2.2879391566753107,1.6500665818854423,4.753935630023304,6.489273417815037,3.36949682099487
4.5968434938845615,-5.983217508115581,1.6974200387003404,6.582204211857286,3.753270811289199,-5.85990105998154,-6.387292608244185,8.14938310104509,-3.6583107330455,-6.524685565088807
3.247964158122867,-12.004520152705044,-1.2391238243975216,2.0835138830081097,-3.5096933333324483,-4.2905590478333435,-7.274979799263404,10.352469068795084,-9.469710005856125,-9.198690013628138
2.0617808171657,-4.981294338102778,-4.011465351151786,4.2322700917909115,-8.24278141500784,0.04177960559751126,0.9933484775849171,-1.1338418569490325,3.1590579229845646,2.7680358925734225
2.812013494067349,-7.684058695741686,-1.890017222186989,3.611770656778679,-1.5240429953932915,-4.333273239526914,-3.627829174578638,-2.1440513607232856,5.051238322020879,5.019993389524183
3.9177362000698084,9.238914528873016,-9.689267277668531,2.704651344110953,4.7271399149612385,2.0693657248786534,3.310704809510902,-0.5624881615840556,10.039470056476913,0.12378072163147547
3.1419731691395243,-7.451396686643744,-0.1488155246723366,5.515214390784211,-0.8421827609560728,-4.478326272816697,5.060020626525239,3.1997504503279286,2.569573843759416,0.283904851603451
6.308388513647209,12.498463024392594,-13.568537729161537,-3.4922013749561955,7.65730745849905,1.4252074102403363,2.062352169002236,-0.9775452336868895,9.317896411485554,4.775552175189283
7.98270313342026,-9.167935345262638,6.814756259721237,6.645801672855842,-0.6047263633849982,-8.327945075467525,-7.638649215378765,5.995190547876689,-9.682373220594428,-8.78768655751853
2.2260863542546296,-5.754181134068556,-1.6163012622707544,0.7956138504377472,0.10244983786448425,-3.0444047063114166,4.154159878910562,0.1685838151924023,1.5559185506259139,-2.4644691356370396
5.1218598737411,8.61512947865134,-3.955818480083435,0.17853681824035228,-0.535433783795356,1.2335782204310046,4.793938894099414,0.14643752773254093,9.232837505437338,7.338831137789514
2.5787839722554873,-8.661471163131923,0.3561300240632357,5.709812220891656,-3.4693170515535576,-6.145607007050157,-5.008926978472286,3.0501472339286653,-8.353172294798775,-11.585409475498826
11.413172027546256,-7.291313669035897,2.392283520540108,4.070626532916636,-0.6103153938084184,-6.758389338370215,-3.2167798220328265,3.466089167799888,-6.820588728291656,-9.556443919018514
6.709040859147521,-7.977187820095866,2.8404487524023643,6.565596994393623,1.724111991280417,-0.6381723559452661,-6.427866930192238,2.841856403369007,-7.337919209487436,-10.352976549876322
7.710123649773925,-12.077476538031371,7.860586372553556,3.500611324054179,-7.069862796825716,-5.230206023586905,-5.682069470848401,3.2505253423913203,-5.973756431028319,-4.950896849073716
2.5150435260933195,-8.205095746747435,-7.527612987375244,1.713953598879903,-4.833465103639232,1.7998876618256001,-1.187693914117573,2.621941582426787,1.8389255360707142,-1.3972538755109567
3.896854006109849,11.784730424634818,-12.118614295247742,1.0029728893171683,4.837062382871768,2.9638635401574156,1.656412026681568,-4.930216663338678,8.508699095234018,3.146226400500229
1.4554608254466688,-10.75678779602451,-0.9048314699752904,1.8173354920104097,-3.1304813343120936,-8.136857023041927,-8.869237049051872,2.9332491044615994,-7.2683829826798725,-6.196567418040138
-2.57969730987676,-6.041314275227642,0.03773789472682987,-2.5526442274574714,-0.5013245593057514,-2.5768829120077523,0.6945201179106928,-1.8308032720511451,-1.503394962743129,7.589380344605834
6.569992710589445,8.943257729060763,-11.196421749607241,0.3681540868002615,2.8875861759174843,1.9376360938844217,-2.3329684845930796,-6.023145111991031,8.125693672114734,2.566893117443774
4.247254422537712,9.335493457518474,-10.86760508119307,1.8721862201266832,4.133509538837394,0.019094517949362455,5.22310627336867,0.2725025850726528,11.968063988135242,7.593558096276852
-2.4623539756547648,-9.704253438908195,-6.093754713755413,3.027737606855887,-3.032262783912015,-4.963432541593086,0.34320024856741504,2.253320352936941,3.5423825211554782,2.1889542748111634
4.646288397613942,-8.538849475686408,4.127882097608435,4.241842647570802,-6.289026354136998,-6.583051700611593,-8.570452819953335,8.113370994782734,-11.533295150889998,-12.905141500429135
1.8138336689963601,12.50780991714931,-12.960060809887207,2.6994439919009876,5.111987914954953,5.036044873410008,4.7091450865356235,-4.610921683181591,9.377053186413123,1.7683380510580777
4.949446620984367,-8.353940345279245,0.08752395574183591,4.54065531498202,-2.1698158088711423,-6.7397096503390355,-0.683078876298767,2.877613093937759,3.3248180476643427,2.6535112113394095
5.852149602356395,-11.479535143689269,5.092490738903488,2.7897650390412396,2.5397412212188826,-7.511291160478098,-7.109501224006733,3.322074659453132,-6.066541021382427,-11.665989178157519
4.221180018246222,-9.360991981338179,4.74046125518117,0.08979735076847284,0.2638293986184044,-10.272709309694047,-8.346015866929886,6.384992829186782,-6.9787001763167,-9.233549596484115
5.491654185676674,-12.00922519482397,0.21364438844171518,6.00740943992618,-1.5656218697920314,-3.4113626509510384,-7.5977902255020595,4.302648740411252,-4.719104940917105,-8.318021215712498
5.368769311548645,9.443613695486372,-13.018407642493285,-1.0920822537145083,7.996953549379253,-0.10467109359140281,2.309259169287526,-5.848724157121975,11.09450132526936,2.1752080219838827
2.142814860132466,-7.515507716750812,-2.962330704096358,2.087048325541182,0.25119677325539413,-4.84882875852974,0.6436442227589789,2.150394972294261,5.369135826011491,-2.85828542067917
-0.1288218301384827,11.718024137075737,-14.46647568633237,-0.09496431010940903,8.0826049002448,6.267594244675917,4.8084851277401555,-5.644590937911035,8.565505326932852,2.781139906959785
3.6915880603599645,8.686878197903658,-10.58188347516828,-0.5141359739032357,7.019408299643914,2.6877631632616295,1.4553605119412136,0.39281411582728776,10.344423500292347,9.300915434122983
6.672760531933815,-10.165465082601909,-0.8962095389915401,2.775358334969993,-4.469870788505837,-0.3577486904483482,-9.986873547091982,9.995866067229295,-7.490653579821177,-7.967849412963823
6.242165913930062,-9.21287153179817,3.7703031269669456,3.9321920323356285,0.1163435087747027,-6.6128235907776425,-10.507441294430416,2.602873224609378,-7.43579403312717,-4.59801716938183
7.472129943118944,-9.083709271796476,1.7591157789972602,3.5906675993509953,1.1744023443920129,-1.417810403187743,-4.283589325817741,3.602447861100727,-3.5150023680541924,-8.476737012364149
8.039336628029393,-9.784799105651503,4.326452109990099,6.534548679077061,2.966644823114731,-6.276019123877253,-3.613322732628409,6.338229777512591,-9.274550071089255,-10.796058808182817
-3.828956166375451,-9.451297308430165,0.2899417022775732,7.06314477675866,0.43905986113335116,-3.369416479928554,3.6789457393510334,-0.5427532510894683,-0.40752500817221105,4.868326094947713
-1.3999141043661165,7.568506530275364,-9.888595652996928,-0.6589938651205407,2.898646108518987,7.004808639620964,5.990090673003256,-3.496687991774411,11.684918738942914,5.462853052043471
7.04321748055518,-6.31058336688951,0.4631127892178988,7.505794504981699,0.8531224799958547,-5.0832416810618595,-4.866046124106818,0.7504201846012428,-5.907594816932195,-11.528450642853958
0.6531922296607373,12.100723704099012,-8.972677955659698,0.7438363706425847,7.59977773782807,-3.6705193455746823,5.558718199023788,1.704652162080742,4.757792885296336,5.572253033145403
0.9067853584748538,-9.467957473370348,-1.6626637977776415,7.5259429547348695,1.87798562619444,-1.3265010517896627,1.8275656167761483,1.1977909974198688,3.4373766726871073,3.497060372053944
0.8658386834032887,7.059798876610478,-10.894441361681036,0.737549805189309,10.621987164418472,2.474861081903327,4.7870057286775864,-3.3597713733400933,8.08185202951901,8.548686520992122
3.998697701823727,-6.874738268700212,1.079956328545364,4.395961861518477,0.12075480477663225,-3.896790343753387,5.84587437670071,2.809954694586091,-0.7258007948062994,-3.6024981884899345
3.4731262435005754,8.837459773167273,-4.003989215937391,-1.0399559138482022,6.020270310366289,3.080833005857242,4.793192581998909,-6.10283630770492,9.71252264349127,4.415742386323186
7.313691316942599,-12.867351278229764,2.8099082033648024,3.6390601612714386,1.9861177305621442,-3.630196727889233,-2.590397380149536,4.031627710160098,-7.306050806682614,-7.636160610422459
3.481088165028469,-7.108619594274489,3.405944119648386,7.505006629898124,-2.289221026428434,-1.93944149050645,0.5243702910674473,-1.848144132292926,2.9991036277209364,2.4741873955306457
-1.3852003038730882,-5.952378009893988,-0.40190949265136533,1.1091023306149843,-3.120254912340365,-1.8091420122774813,3.4980809029712776,-1.9978962036225925,3.197018866800144,0.9612486498243253
4.578562250176333,-8.804536172028914,4.085846372667076,4.607527006454687,-0.0946230959886565,-4.78133157987321,-7.388440383139272,6.981014293795683,-4.512221422792651,-7.724251723201098
3.3566484235692258,-5.501777299593581,2.375556230775447,6.81348102410522,-2.1416992474705183,-7.51809096238579,-7.776228920712345,4.417658560169537,-4.521833497319779,-7.202593419525132
6.797483031074481,-8.076963387235491,5.190117545087564,4.240012632297379,-3.582061041833777,-7.201434025933149,-4.704030681530332,7.070550253443985,-1.0551591716913045,-7.940250166033587
5.678199480896247,6.459189842599914,-6.644347679276113,-4.147580276910571,8.840768150784957,-0.21033279226897905,5.275610024335628,-2.134951300040799,7.079209435557004,2.5887943711437402
7.527328259009061,-10.147958107022403,1.4244140838172445,4.298532900200242,-3.3432744333179363,-5.457696749918808,-4.15235540718406,2.6486075193747896,-5.1929494128676605,-6.710177697149884
2.0991456127226473,-7.209497241445828,-7.698661273195324,7.143065727680671,-0.6777800309157369,-3.53232027689818,-1.4030882104087383,-1.8811121772464374,4.843484340979067,-0.13601274064016078
2.887476253675232,-7.658236342302827,-3.252453834289392,3.836545024084071,0.3611038194333305,-3.1574961601390026,-6.0755279593397375,1.3136174406749392,5.535319902917584,3.1701022674831822
6.50276356183223,-10.594171862811633,5.350968667115096,7.236692732263393,-0.49409383624868536,-6.577675176277541,-8.470819168033154,8.786840868953622,-6.794264079153046,-6.226076411167155
2.3886288674139977,-8.256057913345753,3.286537156625879,5.606047160996828,4.331290223937781,-7.899317509903872,-1.4770703153768574,1.0107507875183224,-9.403805574733243,-8.085326149305711
-1.243482542501246,-9.329545531838491,-1.939682536648482,0.6160201056791212,-0.5862694154526135,-5.82629279709308,2.39451285396171,-2.3908783607604733,5.936760104136239,2.9861323920582583
6.159068805292926,-13.112039580293377,5.808609051097326,2.750386203279782,0.39767410593997987,-5.35717863882302,-6.5578917143163835,8.11957873220885,-5.694743240507399,-5.971268913375251
7.821998114801096,9.010870665473389,-10.309505741172536,1.1517023199018166,5.408461740248427,6.254463470159263,6.140563484040919,-5.267018613008345,10.306763471482855,1.3870881653848537
2.590094163264438,6.428611978982023,-7.6882983988346325,-3.147581733023164,6.379123738761242,1.351651570672685,5.363508400646648,-3.351487353381904,4.072330081165914,6.476410812166722
9.713850257954267,7.950817577035664,-8.565174378830307,1.4553178815834975,6.435139424536359,1.7710562770162053,-0.10799523510195641,-5.0552067134456555,5.439334174717372,3.0714117556085796
-4.938237695190046,-7.193707793495061,-3.73642739386662,6.741261768708375,-3.5389564414296646,-2.065103680262971,3.215775009215952,0.5967899279699107,3.615134340028155,-3.6552652964275847
1.9848048167877772,11.032425108523725,-5.036753248862977,2.474555195407771,7.4703732729113925,5.242532256190659,1.6731892261326142,-3.0372823574537104,4.658150281207962,3.364554401883084
1.932442158526603,-9.370230795442799,9.299689400761263,3.763778239173262,3.3953883114663346,-4.367314176837102,-2.0923595132184056,8.201064420259073,-11.215719715541455,-5.459750424569555
-0.5708986279174617,8.589904776684614,-13.192533026496434,-1.1542804768361594,7.9175713631429705,5.117968746080913,0.5678732010032075,-0.9521450870892827,11.18080157553428,2.888799535359987
7.2631080587096815,10.658248484208194,-13.07671201758674,1.5536549836945337,8.943810445764038,-0.6502505213058329,6.758281584212805,-11.00030629498341,5.244638396967358,4.536000753641726
1.9084624815469238,3.2455207853788,-10.59994534881819,3.3564921336195477,5.071664980581282,3.898225228241324,3.07538669765281,-5.593537958292285,11.387413027040063,0.6966461408812141
-0.4591581693400899,-6.5468099820669305,-0.04317880006286279,2.6668244937485266,-2.8478906405058657,-0.09225155532559381,3.746982280330689,-3.254185546672714,6.590153949693744,0.7240579673140899
2.6296713947223176,6.22889377806168,-10.011835860789827,1.6820720143100918,4.709580174894924,6.546572886535164,5.402792446937411,-7.0269180681546635,10.951636116896847,2.443499233808236
-0.5303641980555311,-8.534725549572228,-1.4817843827389132,5.547379103796176,-2.8281954303580594,-6.048660214854786,1.4779147249708908,-4.601564297290383,6.2842225698613685,2.7639369883971856
6.682427383969521,-8.056403984163934,1.9755288161895665,5.818507319499338,-1.3626183260329858,-9.008010446662738,-4.232481702012804,5.502806967668521,-9.9746184983674,-11.902614607267878
2.423966335453684,-7.46949827463436,4.201039155694431,4.467069953620992,-1.3402943121979733,-6.550502147160256,-6.193533236595292,2.5634935140350334,-2.1046693250786657,-8.418261776439307
3.7665283946572403,-6.5798131771103225,2.136518546801562,4.4891057779015,2.858920956043816,-3.7552804621214646,-1.0049386012076438,5.004118357644455,-1.846846734752952,-8.434518254438357
0.8097722887143277,-9.7964218197337,-5.141302468790699,3.9809908901406725,-1.798013316949722,2.209127107743904,0.4832075805633951,0.9163700445676203,3.0631993401095334,7.448926124092724
3.4526320970693134,-8.057284541460993,1.85560539449253,2.397646964446764,-0.30528639290097725,-0.33622279028829327,3.5314972459248737,-1.4574089712711848,2.1668606155659162,4.104561097612471
2.8221526719345986,6.250763173584348,-8.625807376682463,0.8607977706480359,5.03651261036337,1.9733001604716311,1.5289931958007363,-4.6526664776078395,3.913053018160962,2.482155354968395
2.6186527772739616,-10.556780879948999,3.5038395723543,7.813510583477001,1.2469262745464658,-4.468322986398023,-2.6773691463926674,6.444402537099895,-7.210293730057993,-8.08999084112975
5.243995523224807,-11.940943830554316,5.5354863429144014,5.75326858935482,0.9504747494525072,-10.240551808497479,-6.892521803804632,5.385048529952427,-7.018675938756957,-10.769051656858375
2.479276942426293,-9.95779277932615,2.1102225726640063,5.1514635852059225,1.1003083174845907,-4.768893944728341,-8.107517736998274,3.139436201737078,-7.849051927260821,-10.11225481882589
3.5469831114257353,-10.669392717986204,2.4107727386093156,2.5000179281848385,1.5050853422948223,-5.797100769076005,-10.369546259999849,3.026109951004698,-9.454521575787595,-10.25269453084345
3.558956205394346,4.150140408443791,-11.04177791156228,2.2279961281715206,4.557759493761586,5.459079188868848,2.011610966951093,-5.961604783066264,7.7256494294471345,2.7579804237691414
1.5476336214757866,12.848375190200683,-12.79265858364968,-0.4792054293173701,5.924760781498852,-0.6461098867691684,8.490076795984967,-0.7823384881748541,6.998775583741797,3.4957098101624977
4.479137955734476,-13.37470493378376,-4.824369439102751,3.296774432310761,-1.2878274434939083,1.45241346133625,2.3981000694658285,-0.8256022795231062,2.2699201827165933,-0.4778022573363714
6.302520380893826,-3.464949003224187,0.7135263699279881,6.8891959204544815,1.7350403563914005,-3.6966000080018677,-1.6425603934505633,3.827840891944617,-8.132855959692742,-7.757022180403638
1.8848823425025942,-8.051959583658387,-2.3738655460191525,0.20599296010374513,-3.7747095473549583,-1.5938601656445222,4.865320012925956,1.1077104267239464,1.8428559424315907,2.7629125660192573
4.628569016777273,-12.853358687110985,5.241214539696118,9.463448259948684,3.198551816556523,-6.925423380735083,-6.1749298094417755,1.8291154586386944,-4.786986559018041,-10.843009631362971
5.187015283543978,-7.140303535404093,0.5270052872151827,7.830134948836811,1.1837310655511466,-0.4659582658768502,4.421508261983322,3.51885834074885,0.3224443966003787,4.451589476980882
-0.13407015757591845,11.48061625122653,-12.926479053496873,0.23188467203681207,6.056183063597317,3.8233056163480605,2.1341065376937514,-2.3743620932770657,8.751840416672632,5.078855586445764
3.8345075739113326,-7.880845645958972,-8.52103656824846,0.5449681140598535,2.9458659938964766,0.5006311190695603,-2.01028934324048,-3.853731533652943,-0.4484699663658529,1.3988864888831498
0.17363629285522286,9.576900635744648,-12.911432144521118,-0.4035863462761812,7.458224339338122,-0.33024279863174844,8.710775710455376,-3.535390332901188,4.1021244356049475,3.513320569829265
3.605255652141558,-6.813212847421185,-3.7149655021055583,5.092159822125053,-2.2461009697218466,0.5325766224327164,-0.9647416668533899,2.105395038931305,2.480567373369061,5.034840303857857
1.9993221375730275,-10.104280045727068,4.860405767390105,3.533651856209116,-0.019317942650113665,-0.58145660362245,-4.759048551184315,12.19352864830703,-6.81181250857635,-12.846519632117236
4.637159677418417,-8.408880699913492,4.613945709978128,2.3145186407928082,-0.4863820988936366,-4.975447441583964,-9.37055585110427,4.691689431414517,-6.637356307686446,-7.320038113252659
0.2876149422813006,-11.021428516242876,-2.2923064985644173,6.2841780513535435,2.6925102255697837,0.5633060367676781,0.992087775140472,2.6829797856514634,0.4075875048648858,-2.682023425051959
8.697630751627013,-2.928517328234208,3.5297806954307585,7.157653064304499,0.9136327596194405,-6.770715542101508,-4.8312023802613435,7.652879320696179,-4.500680053253748,-7.8415743240766185
8.60064106951815,-6.09161607126863,4.008527104193317,4.98633274716908,0.44368985177529163,-5.392130375840674,-4.052029518965581,3.977762390376811,-9.771757616248621,-8.781354376527291
1.6556091474268797,-8.033459355290436,0.06013335473941428,2.981055606591626,4.932851724616137,-1.1420317185347937,-10.679206406335389,4.653679996221675,-6.782402888027294,-13.562483987723805
4.055876420654807,-5.285832231174381,-3.9980841612398246,1.6073978766871413,-3.650514921802468,-1.9599839866909339,2.8209472360182346,0.39531179924766,3.142999750710343,2.6371858689856404
6.592057700286457,11.847976885130064,-10.9634294665602,0.7483302303012357,8.696852735782493,5.122814136298154,2.9268368889196816,-6.494566596736258,9.382296767284029,9.469634095214944
1.6765490121613227,-6.808739333542744,-1.563681053834971,6.7769092753876965,-1.835240932865391,-0.814695328708056,1.275898924286088,-3.4459366256385215,1.8215759853790285,3.04429371796699
0.9911259140270853,-7.206631961609928,-2.9739887371769087,1.779847032526671,-1.0910453156987223,-2.320363509286165,5.230192705419194,0.25310579166014846,1.204192639316537,1.8784902842598508
-2.8677597654186435,-7.346762053986793,5.67203819234548,5.930089154875249,0.1955724059143906,-5.59768863835055,-11.871677781430135,5.04324028354403,-10.250556025611173,-10.66190139673511
2.0538494420938544,-8.334618885448704,0.2114980784842495,8.69102618586951,1.3968738835950818,-6.786255070261573,-5.34928664733657,4.237410388680893,-4.996459731145008,-8.294275063986314
5.8207253083576935,-6.000869697221138,3.854563269961185,5.165224950556856,0.28550241246625935,-3.9401122342628585,-6.106049303175486,1.2919942284262342,-11.329908699625484,-10.026984256523658
6.4754479252648744,-10.373291711767727,-2.8539213307729945,5.618052238321023,0.6214636340971658,-5.008617303441812,-2.2241126044062796,4.214933609996564,-10.4587712906792,-6.647831054569846
5.359648411529617,-4.068556347713135,1.071132340742007,5.187917221599544,0.33909288217324096,-1.8452587031423233,-7.403832225454201,2.6720619727207073,-2.2683655383108245,-6.864889473326625
4.78155427244762,6.570753857761212,-7.971824641253354,2.8197774722075786,8.476800139083743,1.8410835753688894,7.615390624196403,-4.137897643582809,10.664065151378763,5.570838865803742
7.206373931371893,12.27290555484151,-11.536695146713143,-0.7782591549051545,4.528707309197896,1.5941358704370812,5.571050752650663,-7.15931258735198,8.655605266847472,8.154677014377437
0.7162831683667344,-6.1771231056880085,-0.7495905959137228,2.1777430671293647,-3.454951766433389,-2.94333427717013,0.19460273056641064,-2.357285831043587,1.3287610018815088,2.605849903675354
0.7514696638354461,-10.640198563813492,-1.1385706075274875,4.332520065456767,-0.1556200701172985,-6.367389032071825,1.7426973862984125,4.537611876226477,0.8995132064772573,1.36239366018125
5.3772155148563785,-6.437730944381572,0.18727369533635674,4.3818881457559815,-1.8859578896371205,-0.9137857067268067,7.2323211882522624,-0.08260256181760461,4.509988258606598,2.852107056696065
-4.004653615691813,-8.157440907980003,-2.7211631374023297,2.98712051702123,0.07527360942039918,3.321242086300524,0.19518318417907476,-4.013911478731881,-1.1299793286395046,0.286096546186573
4.219544322153769,-12.038524713465257,4.485039175789556,3.5686125138599554,-0.8169029783276743,-6.166911519109956,-6.5324567674914435,-0.7312802004183689,-9.55853086886188,-7.1565762323935225
-3.421326165675535,-7.144779155699618,-2.8094953068431203,-0.7098942988550361,1.6135430907968251,1.5559524621675216,4.040952157412818,1.4846424371360458,4.117375502686418,-1.7243805540406871
-3.3233887591941373,-7.591135342450027,-4.1947660541657195,7.2642430267662785,-1.923416721735535,-0.22039476075047304,2.285682042141197,3.6324232342404144,0.903961830701403,-0.6658444121511948
2.1030573498100438,-10.311619867925463,-8.451426503620626,4.4751138872957945,-1.2835288280613797,-3.609926797048699,3.5485097666115673,1.5010433605535398,6.127968360132785,2.626096526472163
-0.1874805426882009,-9.288104918526283,5.627387322740352,5.802600017532531,-1.6337826896488687,-1.5025122472332129,-9.15852536100913,9.109765413755113,-7.632973841899233,-11.731332383961199
-0.23377767491576362,10.744276108675434,-7.400913208891679,4.751379814537112,6.151432581935511,0.6968435037690592,0.6153060397789645,-3.66332179346222,5.838189063017033,4.447330667177042
-0.859743416358971,-5.945181323428863,-3.7879548625266963,8.385395403981514,-1.0111474172984383,-2.6392585214936406,2.3921451531303566,0.24764375634758454,2.889241818023627,4.974421715514069
0.8837168901608736,-6.591290203381845,-3.6886783173363025,4.025043905807413,-1.5542144462173093,-5.332558087433083,3.417763857967988,1.2170838173797724,5.7823500601324636,4.329434907784377
5.498547176270014,9.617152194204317,-9.566493803700329,-6.769943994656357,4.004312756236855,0.368260793483308,7.647079786054933,-0.7709626181038329,8.430451902085897,1.851776277321755
2.2453336522076377,-1.4357081395842002,-1.0880887653118672,1.068145689330458,-3.6192667163899284,0.9251917613467806,5.101302352565999,-0.4329156856541603,4.258242062361257,3.165619272493082
-1.260026734734471,-8.527110719486979,-0.5992170839007451,0.441580295751141,-7.855505224262511,-2.149786467361695,4.880198455228369,0.28074947889329505,2.2002730332044336,1.8411035189940366
0.47834016718817907,-6.639656120559567,1.442734112532451,5.303742992655598,-1.7451263991148327,-1.937005548799815,2.7947550841841378,-2.3229509633686387,3.444584919264877,0.30695857308533503
4.883575629360235,-11.77351695482179,2.699918271022084,2.710460598962625,-3.569242780821659,-5.267296311244719,-5.55424117845877,6.56870195809207,-6.476943820305367,-4.569066203804201
2.291891470162308,8.737993859737026,-9.386708900228417,3.029187362311302,7.4504901246866915,-0.4227997364170353,2.45205026984718,2.333389090366894,11.149457010405225,6.30439482520297
3.7108738281371334,-8.215101195710306,2.582008354019971,2.858537018160102,4.725900350131817,-4.80505360893302,-4.488106451023848,2.5391949728094665,-8.424335102514586,-8.022854828040417
3.5291528340730958,8.356636615391798,-12.86926110824925,0.3809502375666749,6.200148831096962,2.018869755372587,4.3296300623419635,-6.068631618525426,4.192779834668207,4.941186658931897
0.14987477622796064,9.45280316497841,-6.959021348362887,-2.8895736204497346,7.625572076741641,3.987444105758997,2.9344809765106405,-4.510791777929147,8.435813004205455,4.1161278145085785
3.088862186532561,14.608028038448083,-10.108886586530973,-0.005426920362513299,6.744756871031649,2.6419587156975464,6.545470424144371,-1.6247639515364125,10.447317276937552,3.8685461503740277
6.302724597254367,-11.201601712625006,4.460059054355973,4.793258052163382,-6.1854162013606535,-11.532146018864808,-8.528610110448806,9.030339681039194,-4.337759176338472,-7.394873822410459
5.548269641619125,-12.310407470815825,1.9588755811357568,2.109747961289745,-2.6761059732396406,-2.062071234658935,-8.580865852864804,6.424613669950983,-10.827976776026972,-8.492112475986973
2.9377322410527267,6.8352648531099565,-7.324267428279414,-5.724556772322625,11.109676148137806,3.204817190503046,3.7514327570780823,-5.206899471807697,9.339110347646196,3.814178348960668
3.4877645019498718,13.861885191900441,-11.65966837118293,2.2726094717986927,4.669931972748046,2.793258509806572,5.166959040223499,-4.617528491080333,7.568856033470664,4.438158194663339
7.548085799333698,-9.43256446140036,-5.108647660488578,4.433545938584967,3.5005330824877654,-4.345017762872698,-9.320944910345876,5.820294601495054,-3.0211141814190445,-10.742215506710945
9.146958845529957,-9.234343845799284,5.643756583487118,4.361714181901288,-4.1188262989710935,-4.892071868018083,-6.626448279330054,2.0585447298438226,-10.847703090691311,-6.692076410507611
3.9652749737714994,-8.079905335927686,3.768877796449737,3.0202196649938906,0.45248020647462517,-5.494004809413201,-6.448930931501019,2.338583582959523,-8.706554528674918,-7.707076895571328
7.408213642689721,11.850155277209174,-12.916119817270557,3.068684955589599,1.191632200252978,4.5914491564373385,8.985416316077089,-8.164130332994489,6.178210223898507,4.162172991648056
6.208792389766125,10.75564690034878,-10.92526001183151,-0.9732515199654932,9.186788096102045,2.8093710546823742,4.8398845942964455,-7.236383911037784,12.407157091656366,8.4773566686046
2.866891535445371,9.390733889234209,-15.381299992142997,0.9564126098781902,6.1102483998831305,0.02986212481887751,5.24125477731406,0.20456697757071396,6.437267977796351,1.3521008547901197
1.3213825516933149,11.054965047479449,-8.148045297926963,3.463989509486909,7.479168170043082,3.03350872985766,5.511542481678473,-7.522706903953669,6.783957602986008,2.171267219189098
-3.745479640033996,-2.323483653991156,-8.040142143669213,4.833542646611108,2.9563119758087257,6.178254451183285,4.0652535849042515,-4.4313399874647965,2.695196590028237,2.6194634813073616
5.292152462309582,7.822727518169064,-8.498015836566978,0.3292528657669166,5.468016630361564,1.640248194032269,0.7940574995414256,-6.853811140008075,7.949707041254991,3.6744472327261875
0.7829746526944805,13.049761140544748,-12.965630684502223,-0.6108074223324162,2.273449743781581,3.5614148705164834,6.631608149919353,-4.784522921452071,7.5438871399706535,6.929220508574772
1.2837183498330909,-8.993416770057811,-5.517212569596415,4.150543130560551,0.4959999391466914,-0.11476676641958172,5.645551234005998,1.5673750937532356,3.0037053194894616,1.1947501648140015
3.8765481159066595,-6.53981073971925,6.257718273886445,2.636303903920588,5.240235267281028,-3.224796171932423,-4.618325010279742,2.2869450664521325,-1.2378570042796788,-8.366265944495595
0.45654806309338936,5.415689189049926,-11.925955471560918,-2.8306006208118255,7.689667890855768,-0.5586080809064238,6.955254868566767,-8.31189013574233,7.837368401541004,8.807505296015655
5.512251951734087,4.946941996241943,-7.0776591807622715,0.8163031916909119,2.6391395282701233,2.301109438010971,7.255991039497807,-6.8093181237192795,10.769178954508888,6.40014541235872
5.674285904923028,-6.0899700700780315,1.994844728611056,6.509088112921334,-0.6981527256321126,-6.877339624646744,-5.706971965407642,4.020259206660832,-3.3466005665905962,-7.745670518437063
-1.9377941281806077,-8.39303248030103,-1.740572500329581,3.2237722826818636,2.895310658243951,-2.05552404978945,2.668062994152557,1.328561381985895,6.055569065049837,1.897351464002862
0.988314282423064,10.636267411591533,-7.258683469720946,-2.733424986901319,2.4069779218184526,0.8562915797280799,2.426729540451082,-5.619061962644152,10.702430145219761,9.353943160276035
3.574406215468544,9.421760750965383,-10.069114416890615,-1.3673115242093106,10.361569039568401,2.1028718976112972,8.472500590035223,-7.7286075690734,12.628857698150302,1.0996710942821615
-1.3168714687854113,-8.46245202818936,-3.966938293869509,8.306288426904077,1.8688161313054432,1.385098125498986,3.9753029204736086,0.7572981705894797,-0.7030439201276506,3.6931693698155925
4.4702103706754,-8.740687608730209,-4.321983345977647,5.183013959668479,0.8343415803558882,-3.916533214345213,4.083165110018168,1.671413857883848,5.646906966040886,0.4928290276373244
-0.05365302869322808,-8.692865493715614,-2.7242820045931513,5.768051190977319,-3.3067420093873268,-1.1060901781320285,3.588665816275543,2.062380030603705,4.659504260835529,-0.39399912956556804
5.609595667892432,4.62335005831026,-3.926499816134821,-0.9513280951865055,3.6722569079644427,5.306302310670503,4.413635186243043,-4.666172175327555,10.372415855519405,8.585753436381923
4.407294162241645,7.842910472299989,-15.009135132670488,-0.48217032703181995,8.641116044964308,-0.3376838051477309,8.873115511226219,-3.1893604551462253,6.725880933283991,4.218460565391172
-1.9898336411139042,10.657541492388004,-10.78186138397716,2.168623416129794,3.370636284410286,2.9645672781606236,5.207365526313427,-0.38547950459622493,8.431662955955169,5.293944580967334
2.652432239942286,-3.969113858122857,-1.3037198693942798,5.566194098927208,1.0408713378414718,-4.607301981696745,6.743345654728026,-0.39639589960755695,1.6665601437251258,1.9373228377796863
-1.7426785593621457,14.280830436538906,-9.815810713496699,-0.4337995299025976,5.8264384856553875,2.444702738222293,4.631836112876503,-6.6025305758448045,9.496842023753926,2.9786819559628017
2.486887468045083,-8.352174818907095,1.3130756045986813,5.3582200566892695,3.732797901310747,-6.689192733429185,-5.514865138363371,4.871918124791464,-4.139199162855137,-11.99818293441869
4.133283897832729,10.969648363254048,-11.211220127103976,-1.375775836262237,3.875424318261099,3.1519816286737865,7.817785541710654,-7.514760680948534,10.340552946924808,2.8923339472370806
5.1343538956205705,7.395514648567214,-6.878738519857967,-1.0507832177628367,5.515367819314725,1.7653230278450425,3.39326343515924,-2.294827830486344,10.799118899169983,4.170691264480844
-3.270292435889865,-4.922415127684632,2.8300988354896646,-0.9441157871780668,-1.4602118818912164,-4.965586968714775,4.061149592234699,1.2267226753764193,4.608392189689477,2.445749297602941
3.3815719249562526,-9.061533289405892,2.346412391595283,6.208540662722611,-0.5867749302037322,-4.099385926963125,-5.1935943430278115,7.970296502086636,-8.868532170863139,-12.985738056197455
2.091832741074648,6.6823372520572635,-9.85839240836311,0.7885456321258812,7.528231645275131,5.99274744553498,0.8959235241293557,-6.553758225342062,7.294386957276936,2.5071310705952317
3.098975266178256,-3.9377592042084553,-4.359043229517893,3.345427100160857,-6.3863028164631315,-1.1056741327628734,3.948978718200024,5.209732127347155,5.091006328687335,1.3999183824452857
2.8554949494690764,-3.1687747567452784,-4.934671089336905,2.457791591085245,-0.021235532795572443,-1.4565945500431585,0.37630535478247773,-0.25967855164880294,2.9155597780783595,5.387266634361037
9.164025710845412,-6.149748212892008,2.4121052258669398,10.227030291099297,2.580661637940066,-10.359310599196649,-5.178572406824767,3.8164781381273247,-4.463996877340828,-7.665822538897442
6.588759565131264,9.998450385227539,-8.390419185537336,4.519532938032717,3.0151478117384567,3.940358918121092,4.275522829091863,-5.34194214833369,7.306750214505447,7.468157283435682
-0.6495297676345144,-6.054702615300405,-5.192849075047686,2.2428833502896683,-2.5463466809053465,-4.1184603249366045,1.5377531155641422,2.8812053654008665,2.446449593551344,-0.8882613579942449
1.1136787778636599,11.177563348017067,-5.395151332253117,-3.2339848743053943,5.850005362190691,1.4667744470903734,4.037984052331565,-7.986907121829015,8.484373669203096,1.5246909976352474
3.0157808716542664,-4.023178801362107,-4.552773191384597,6.035884615186427,-0.14859846603464155,-1.2925535356435645,5.071983625131647,0.6354865471918538,2.62601209541543,1.7385944782544391
2.059739886043001,-6.938389276097372,1.8730604463927616,-0.3706290335052542,3.73120250399524,-2.8646377712887547,-1.068032639394981,0.09375090881434506,1.9013699248985754,5.235605763858711
1.748444092406607,-6.341675070261347,-7.949961137474098,6.378419420570053,0.8345563010396415,4.095577358920442,4.544730025960485,1.3908847889972444,2.6355967554684763,-0.7642031453143021
2.4456671317744414,-7.482009498805053,-3.361457092523282,0.9669813949017403,-3.5619360906036968,-2.1611670755312193,4.9349928890536745,2.245153113432568,1.9639846858251828,-2.5306336683020296
1.2054774560616328,-9.840715695240021,0.11515071381647957,4.739643204649152,-2.6263261109709486,-6.774955176462133,-1.2728581828282803,-0.4730923874200177,4.091996241911345,1.670914643331658
5.388658395884541,5.599025383038249,-9.544368257794465,-0.7716670091119031,3.3769760464623664,3.8133560192273106,3.258230090097917,-3.8984211893521543,11.018258506664264,5.448437825910788
5.609620387651742,-6.650629979254961,7.3303438668278975,0.016986406649813546,2.861862571322469,-3.9808614236771374,-6.8467457859900325,6.870978261299994,-5.62596828602021,-9.673495868706157
4.738941779961551,6.150572031996502,-8.330933447141984,0.12976784773138314,6.985391195528371,1.8988488915828567,4.601003029940211,-3.2881067081479896,5.277165782552956,3.754233726325287
10.938627110295734,-10.715184230104008,2.149374797821116,4.239366756591883,2.23637065541434,-3.0059308571383707,-5.2502819352753765,8.055112911358538,-3.7225423582605037,-5.733802419304965
2.8212717954019375,8.434648403395938,-10.176362734707407,0.0796330195533746,12.029198839229577,2.2364182442755935,3.3565965317376625,-2.844707026717283,10.418963411406882,1.9732993213267327
2.8517353376222125,12.40619090609653,-5.5244616362958485,5.08007012478033,6.942852705959261,3.568588101726322,6.842988736547417,-6.464846662437322,11.333870052378838,0.38437578359412017
5.3807481607524945,8.223711504237146,-9.897132153656319,0.05595352933107378,10.146845111711622,-3.1976232398123114,6.538490893636437,-3.066501378732544,7.213640645423805,1.757132503836326
5.329854496112073,12.220249381156023,-7.061152809327934,1.9374253943047675,7.620451904250112,2.2870827933237265,8.141609283132935,-3.1038734995689388,10.063256260771878,2.5227889900415548
3.144384422028602,11.898330725006144,-7.883245211569978,3.536551517534737,9.714998922176655,2.6598906700800153,3.518325831745622,-6.65049286396215,7.550625640078293,4.4000222281378685
-1.708984785301594,-10.279879574649069,-9.522222149746655,6.16508227232392,-4.794483699993689,0.12514115590728947,6.021422991962856,3.3681200581467206,-2.2491760557806932,4.689750342800654
5.611885282776855,9.19399401421877,-13.021572905027215,2.4077189032316606,7.310998297069591,1.2961717220511324,5.592539722583651,-1.0098059599697082,8.198243719191623,8.331131476231134
7.97863314796209,-8.70544244018033,5.379067199004761,3.205843650894923,1.7781826949410036,-8.279768868170718,-2.8186275780407613,2.7006132031056307,-11.200989287319468,-7.522455197118024
2.4770652866719125,-10.93489474303173,0.5680294704835513,7.206646541158836,-3.0044170889315875,-3.1706108873788965,-2.9222408385131415,6.522590392241736,-8.816847086947464,-8.641965336820677
3.3235023285195684,-8.775575761162335,-0.27803757491897985,1.6298613173501584,-1.4494790111815112,-2.0812240707167815,3.729281190710213,-4.32597275614089,0.5724734899982606,2.8555784958778334
2.9462865236584976,4.8752410188997874,-14.41382674617144,-1.8264390968292208,7.168299471868339,1.8506344142080917,-1.8115252901334813,-4.159927466115801,7.833921282449646,3.1078116065487036
-0.2310869818641348,9.967137885530137,-6.218898440937578,-3.2573075947591725,9.882851432781674,4.444461228349501,8.991425601561902,-6.581762472391438,6.962765074262552,6.123348694079209
3.3196133637425604,8.396708455310296,-8.45372750124443,3.7894414920660253,9.14644245720659,1.3968950456811187,7.579492370867361,-2.3356073381966302,7.483471327349542,1.4549609662955127
4.005624939837275,-7.061970913664511,-0.22382945251515984,6.075409336281114,-0.3887158530008826,-5.710268492500865,-5.06729765487713,5.7450760432923085,-11.524079562208847,-11.475359030945832
3.634231145371942,-6.274840297072862,-4.852184557378191,3.7127813322213243,1.897684311079932,-3.9887673521782685,1.6732839695391675,1.7675794245471963,3.5989487788005503,2.146474401921697
2.849892333103682,-12.979204912909012,2.0067100359505803,4.547845656809633,1.12610412286132,-8.553705923884092,-5.5573106068319715,6.299240215257292,-10.705143609055769,-7.145860530036378
1.3050056109500747,-9.42872256650612,-3.94974975384406,3.4616334713569286,-2.5879849217392343,0.2922955777093019,3.008467827233382,1.3529963564194523,0.20162360935955315,0.5666305736637307
4.507275017442607,-3.7370025285656436,-0.6718128581488019,5.478696264630726,0.08852619956502483,-0.003457573730984098,1.5045938365984157,0.23710424816387302,4.612415793911457,4.483685412372946
4.458604115786744,-8.281687209054327,-1.2222796133615277,4.0897408455400885,0.09596680776982278,-7.216737762536293,-7.362734394174783,5.376376930370058,-7.715030323101624,-7.675102021612834
4.997504215332537,7.560683294622853,-9.073244467160173,2.4005537222087856,9.135007359404169,5.979949866073465,5.202993123978899,-1.7697409565409132,3.1072842094051776,7.815668602848406
-1.4232261346231758,-3.582242657293777,-1.9708393710439227,2.978318001461549,-3.1912606989167047,-2.945285142384726,0.2789630825770719,2.4726201354475856,3.7962369202896054,2.526631325780735
0.8133719346056728,-8.24833862043718,-3.240538774960417,-1.1629631889011653,-0.620126463747912,-0.44417504535679875,1.0423099555513784,2.4491348304606597,-0.40488262155276367,-0.9056745579424064
5.051647501348394,-9.673281168580587,2.7570060349828336,4.059637675160697,-1.090388305924487,-5.631191214626975,-8.84812821224931,0.5672188295043776,-7.15909559840917,-11.181214972310135
5.477651977289063,8.267537758583059,-8.540008852626308,2.2502356808211545,5.87374494733099,3.2579925074156795,2.8811365704624436,-5.918758940632909,9.702204129224635,-0.0024170182470539814
7.360473020113787,-11.433828374430897,0.3005186008902725,4.722758407836202,-2.3949668370979604,-8.130452789835111,-8.554525127352152,-0.743957773558737,-4.9548528813866195,-9.466261346503305
4.328847274784883,-9.23220059265089,3.3555879987637853,0.9296507812327492,-1.4626431578471653,-8.805185954111685,-2.9482293893404803,11.373926949132866,-3.1597026949104947,-7.367620928141836
-2.322775076800884,-4.080346207815197,-1.5538771234197788,1.5291119770921124,-2.5676153248481093,2.9563670690041155,6.585964034346524,-5.01147973530612,3.4045143564637628,0.15473946592869803
2.909809698626008,10.399351762571749,-5.909267490519778,5.838952290901952,6.860425959918031,1.8491061815574843,6.109161206858042,-8.269918061443526,9.364007534439372,4.229290166895129
6.513576250238698,-7.919613302993726,-4.125273462928692,2.4460368757610906,-2.6789585947115833,-2.1493929833169703,-0.42095103766519193,0.0333430242727385,2.0928134532768055,-1.2556055980925502
1.0316200038326468,6.756885668273596,-5.849015867326385,-0.6239417242378963,4.932504281209407,4.789459145199302,7.449546148934942,1.3858260240641327,8.632751404330408,2.038110921615689
4.823315823496361,-14.377177497697481,2.9259524101427568,4.709070747610135,-1.1948194779855188,-5.334648931380911,-6.599909629479891,5.38996000815338,-6.90968717564558,-9.407850352832499
0.7874698451928067,-4.395040539886923,-3.506910604828265,5.461515114710907,2.3400607075325786,-2.5250440219411656,4.801279473290794,0.19482313689002684,3.4003491453888057,1.4925067755227406
0.2438224966705791,7.640446185431918,-8.73482362818513,-2.5167198975459852,1.6533066471148627,7.450855629031205,2.2139796850235727,-6.938550400118935,8.687530097301385,5.7722292457882896
5.04010842852175,-5.009593137361857,4.995742937383889,8.432421367575735,-1.6605131503035537,-1.9469337262558666,-9.685853645579495,6.404736604639072,-6.5442812834874795,-7.828671751145408
7.738281951614725,-8.996849100323034,1.4514440596537452,4.743623796797015,1.3086437016224601,-4.126955336611661,-6.517547838555646,7.1973583132919146,-4.655042021101299,-9.452514758887729
-2.606503577326153,-9.084619844524305,0.608252615500068,2.4985680733154245,0.7399728973323754,2.033087727831723,-0.2807682938982712,2.486069787571052,1.4563014681007311,1.0074291946669867
-0.9573578448026634,11.995080412580597,-8.820712120042069,-2.112229778241029,5.501411021329624,-0.5600008210984093,6.3310274389542,-7.656506350260685,10.729388864818215,6.225473789684746
8.920961329902099,-9.27329407511602,0.44433619344140274,3.5338442970536144,-0.21723192427815896,-6.808508209848023,-14.049746065631597,8.867391725650435,-7.7850398225870014,-8.680752968685725
5.508252868015921,9.84584057957847,-11.634303938162857,-0.12982751428994838,7.753059360004221,6.449934581989266,2.337269748995089,-2.1298145687345524,8.486514684051457,2.3106232724060414
3.1566403692931257,-7.52852272108938,-3.2289884740374237,4.257652997232327,1.8446443867307538,-4.315075395320338,3.7491383958941022,-2.8429133010069774,3.447540859400327,3.864967317763869
0.5816723380434929,-7.486225258475045,0.5099626041360974,1.5679041871236834,-2.6701879490813534,-6.014882498174737,0.42434422899107993,0.797797188002046,2.942040206023759,4.904582289560588
2.295342831652481,-9.915838406071934,-3.9485653043692883,1.7340071094285845,-3.209406285551214,-0.6945516472827848,-0.04877245941293484,-2.1701579144759227,2.293587989548294,1.7628292483366617
-2.814810329040423,9.97816995699611,-6.7141841847651325,2.6131102291216317,8.193479819389578,-1.4556215732552813,6.969745508093437,-2.6965185524593136,5.305585520283179,5.104073149664547
6.414536676018677,-10.820156383156254,-0.7078514292397777,2.651531924106823,-1.3712454204599518,-5.100916557958983,-5.356296302267823,7.226883252125035,-8.823694610779757,-8.433905167427037
1.810363128362174,-6.445179497993719,0.3565862489214018,5.188576433788329,-1.5574447924187655,-5.777773031429562,2.4134217097163067,1.0067287168504766,1.633570057287969,1.262522779257704
1.8286584196938458,5.670027593640567,-13.613703914516792,2.490613763271162,4.291894230571591,1.2286251967792345,2.7706562010098006,-1.5068854180852567,10.261504257447376,3.1382639602993807
0.30461749778384095,-8.222918117801518,0.18283455555979167,2.3846540682648287,3.872845000224217,-3.107082474278598,2.724030218280196,2.8150309507903764,5.555118117787103,1.100910847246049
0.9423426430028029,-5.7071300862448435,-7.004192737913949,0.7257280782176974,-0.9717961426016817,1.1691981741862159,7.115862313604521,-2.7558111653642525,0.7760359792246798,1.450242862830799
